,HCHO reading,Location,Current Date
0,0.0001969834395781,Colombo Proper,2019-01-01
1,0.0002625522171968,Colombo Proper,2019-01-02
2,9.852118897938794e-05,Colombo Proper,2019-01-03
3,0.0002099320518114,Colombo Proper,2019-01-04
4,0.0001785337298892,Colombo Proper,2019-01-05
5,0.0001082296700235,Colombo Proper,2019-01-06
6,0.0003926829280477,Colombo Proper,2019-01-07
7,9.153156350685353e-05,Colombo Proper,2019-01-08
8,0.0001205978992853,Colombo Proper,2019-01-09
9,0.0001297723562983,Colombo Proper,2019-01-10
10,0.0002239188166801,Colombo Proper,2019-01-11
11,0.0001569418094178,Colombo Proper,2019-01-12
12,0.0001336291906862,Colombo Proper,2019-01-13
13,0.0001336291906862,Colombo Proper,2019-01-14
14,6.374417842690063e-05,Colombo Proper,2019-01-15
15,0.0001181062250815,Colombo Proper,2019-01-16
16,0.0002472555222423,Colombo Proper,2019-01-17
17,3.667525352047757e-05,Colombo Proper,2019-01-18
19,0.0001687856216479,Colombo Proper,2019-01-20
20,0.0003881549328739,Colombo Proper,2019-01-21
21,0.0003282922940445,Colombo Proper,2019-01-22
22,0.0002147798144691,Colombo Proper,2019-01-23
23,0.000234724519641,Colombo Proper,2019-01-24
24,0.0002820915300341,Colombo Proper,2019-01-25
25,0.0002507263493088,Colombo Proper,2019-01-26
26,0.0001973288435314,Colombo Proper,2019-01-27
27,0.0002555121674807,Colombo Proper,2019-01-28
28,0.000171363573601,Colombo Proper,2019-01-29
29,0.000171363573601,Colombo Proper,2019-01-30
30,0.0001523802119023,Colombo Proper,2019-01-31
31,0.0003537610010169,Colombo Proper,2019-02-01
32,0.0002755728995643,Colombo Proper,2019-02-02
33,0.0002318846498078,Colombo Proper,2019-02-03
34,0.0003618487680796,Colombo Proper,2019-02-04
35,0.0003618487680796,Colombo Proper,2019-02-05
36,0.0003430663631539,Colombo Proper,2019-02-06
37,0.0002123314538243,Colombo Proper,2019-02-07
38,0.0001679798012516,Colombo Proper,2019-02-08
39,0.0003816050368887,Colombo Proper,2019-02-09
40,0.0002650819171274,Colombo Proper,2019-02-10
41,0.0001981789630254,Colombo Proper,2019-02-11
42,5.8587178500602015e-05,Colombo Proper,2019-02-12
43,0.0002542805951476,Colombo Proper,2019-02-13
44,0.0002239912172577,Colombo Proper,2019-02-14
45,0.0002239912172577,Colombo Proper,2019-02-15
46,0.0002091493159849,Colombo Proper,2019-02-16
47,0.0001262731392288,Colombo Proper,2019-02-17
48,0.0002255146318446,Colombo Proper,2019-02-18
49,0.0003180786698506,Colombo Proper,2019-02-19
50,0.0002720768387394,Colombo Proper,2019-02-20
51,0.0002230429464187,Colombo Proper,2019-02-21
52,0.0003148949841717,Colombo Proper,2019-02-22
53,0.0003274182238715,Colombo Proper,2019-02-23
54,0.0002362989851716,Colombo Proper,2019-02-24
55,0.0002424675429303,Colombo Proper,2019-02-25
56,0.000156459748926,Colombo Proper,2019-02-26
57,0.0001542016842877,Colombo Proper,2019-02-27
58,0.0002270067709833,Colombo Proper,2019-02-28
59,0.0002934140276437,Colombo Proper,2019-03-01
60,0.0002934140276437,Colombo Proper,2019-03-02
61,0.0002934140276437,Colombo Proper,2019-03-03
62,0.0002222321497741,Colombo Proper,2019-03-04
64,0.000135851958492,Colombo Proper,2019-03-06
65,0.0002023807303628,Colombo Proper,2019-03-07
66,0.0001644238164367,Colombo Proper,2019-03-08
67,0.0002969609827467,Colombo Proper,2019-03-09
68,0.0002969609827467,Colombo Proper,2019-03-10
69,0.0002401309050569,Colombo Proper,2019-03-11
70,0.0002577451751777,Colombo Proper,2019-03-12
71,0.0002548286008604,Colombo Proper,2019-03-13
72,0.0003018449398759,Colombo Proper,2019-03-14
73,0.0001790542755015,Colombo Proper,2019-03-15
74,0.0003507194301071,Colombo Proper,2019-03-16
75,0.0002494769497451,Colombo Proper,2019-03-17
76,0.0002074590335083,Colombo Proper,2019-03-18
77,0.0002074590335083,Colombo Proper,2019-03-19
78,0.0002559950022304,Colombo Proper,2019-03-20
79,0.0002689655073385,Colombo Proper,2019-03-21
80,0.0002689655073385,Colombo Proper,2019-03-22
81,0.000144005550838,Colombo Proper,2019-03-23
82,0.0002204458373225,Colombo Proper,2019-03-24
83,0.0003577663287879,Colombo Proper,2019-03-25
84,0.0002631266925609,Colombo Proper,2019-03-26
85,0.0003646052956171,Colombo Proper,2019-03-27
86,0.0003906452278091,Colombo Proper,2019-03-28
87,0.0002540006405394,Colombo Proper,2019-03-29
88,0.0002202186895424,Colombo Proper,2019-03-30
89,0.0001155774606754,Colombo Proper,2019-03-31
90,0.0001234932174866,Colombo Proper,2019-04-01
91,0.0002688230247372,Colombo Proper,2019-04-02
92,0.0002401417063094,Colombo Proper,2019-04-03
93,0.0002401417063094,Colombo Proper,2019-04-04
94,0.0001694011577926,Colombo Proper,2019-04-05
95,0.0001030405027441,Colombo Proper,2019-04-06
96,0.00017994348916,Colombo Proper,2019-04-07
97,0.0001938136388473,Colombo Proper,2019-04-08
98,0.0002005766244694,Colombo Proper,2019-04-09
99,0.0002045066130365,Colombo Proper,2019-04-10
100,0.0002787301089676,Colombo Proper,2019-04-11
101,0.000250075849252,Colombo Proper,2019-04-12
102,0.000334870158729,Colombo Proper,2019-04-13
103,0.0001927819063126,Colombo Proper,2019-04-14
104,0.0001927819063126,Colombo Proper,2019-04-15
105,0.0001927819063126,Colombo Proper,2019-04-16
106,0.0001927819063126,Colombo Proper,2019-04-17
107,0.0001927819063126,Colombo Proper,2019-04-18
108,0.000144213058033,Colombo Proper,2019-04-19
109,0.000144213058033,Colombo Proper,2019-04-20
110,0.0001454167284999,Colombo Proper,2019-04-21
111,0.0001711205695593,Colombo Proper,2019-04-22
112,0.000293224440643,Colombo Proper,2019-04-23
113,0.0001399382956399,Colombo Proper,2019-04-24
114,9.581443666026756e-05,Colombo Proper,2019-04-25
115,9.747576626042276e-05,Colombo Proper,2019-04-26
116,9.747576626042276e-05,Colombo Proper,2019-04-27
117,9.747576626042276e-05,Colombo Proper,2019-04-28
118,9.747576626042276e-05,Colombo Proper,2019-04-29
119,9.747576626042276e-05,Colombo Proper,2019-04-30
120,9.747576626042276e-05,Colombo Proper,2019-05-01
121,0.0001008724552225,Colombo Proper,2019-05-02
122,0.0001008724552225,Colombo Proper,2019-05-03
123,0.0001008724552225,Colombo Proper,2019-05-04
124,3.904429319723554e-05,Colombo Proper,2019-05-05
125,3.904429319723554e-05,Colombo Proper,2019-05-06
126,0.0001174876039439,Colombo Proper,2019-05-07
127,0.000101303794324,Colombo Proper,2019-05-08
128,9.939428098153852e-05,Colombo Proper,2019-05-09
129,0.000125364158271,Colombo Proper,2019-05-10
130,0.0001274753051841,Colombo Proper,2019-05-11
131,8.802823548435995e-05,Colombo Proper,2019-05-12
132,2.4982204901168622e-05,Colombo Proper,2019-05-13
133,0.0001810438022415,Colombo Proper,2019-05-14
134,0.0001394291724461,Colombo Proper,2019-05-15
135,0.0001171367229027,Colombo Proper,2019-05-16
136,0.0001095084478863,Colombo Proper,2019-05-17
137,9.525618991159472e-05,Colombo Proper,2019-05-18
138,8.700221402162398e-05,Colombo Proper,2019-05-19
140,0.0002171247684173,Colombo Proper,2019-05-21
141,0.0002171247684173,Colombo Proper,2019-05-22
142,0.0002171247684173,Colombo Proper,2019-05-23
143,0.0001897835067573,Colombo Proper,2019-05-24
144,0.0001897835067573,Colombo Proper,2019-05-25
145,0.00011078022387,Colombo Proper,2019-05-26
146,0.0001368899250486,Colombo Proper,2019-05-27
147,0.000165996737955,Colombo Proper,2019-05-28
148,-2.056808215846379e-05,Colombo Proper,2019-05-29
149,0.0002179323946145,Colombo Proper,2019-05-30
150,9.379307690791867e-05,Colombo Proper,2019-05-31
151,7.067572073902713e-05,Colombo Proper,2019-06-01
152,0.0001658041001064,Colombo Proper,2019-06-02
153,0.0001609821398171,Colombo Proper,2019-06-03
154,8.42250633206326e-05,Colombo Proper,2019-06-04
155,0.0001221799295052,Colombo Proper,2019-06-05
156,0.0001221799295052,Colombo Proper,2019-06-06
157,0.0001221799295052,Colombo Proper,2019-06-07
158,0.0001221799295052,Colombo Proper,2019-06-08
159,0.0001843041391111,Colombo Proper,2019-06-09
160,8.17687223806277e-05,Colombo Proper,2019-06-10
161,8.17687223806277e-05,Colombo Proper,2019-06-11
162,0.0001880614290712,Colombo Proper,2019-06-12
163,2.3285886143280304e-05,Colombo Proper,2019-06-13
164,8.209911205126233e-05,Colombo Proper,2019-06-14
165,0.0001636562089987,Colombo Proper,2019-06-15
166,0.0001534455988928,Colombo Proper,2019-06-16
167,0.0001534455988928,Colombo Proper,2019-06-17
168,0.000158330813573,Colombo Proper,2019-06-18
169,0.0001450758394609,Colombo Proper,2019-06-19
170,0.0001403497627398,Colombo Proper,2019-06-20
171,0.0001403497627398,Colombo Proper,2019-06-21
172,0.0001403497627398,Colombo Proper,2019-06-22
173,1.9792269443138506e-05,Colombo Proper,2019-06-23
174,0.0002885739086195,Colombo Proper,2019-06-24
175,0.0001698958410235,Colombo Proper,2019-06-25
176,-1.718882776913233e-05,Colombo Proper,2019-06-26
177,0.0001242156863718,Colombo Proper,2019-06-27
178,8.171133330754701e-05,Colombo Proper,2019-06-28
179,7.340520263976472e-05,Colombo Proper,2019-06-29
180,2.0964513707570187e-05,Colombo Proper,2019-06-30
181,8.969739342465703e-05,Colombo Proper,2019-07-01
182,8.080856806689084e-05,Colombo Proper,2019-07-02
183,2.889810298407616e-05,Colombo Proper,2019-07-03
184,8.317285235618187e-05,Colombo Proper,2019-07-04
185,9.39126919104318e-05,Colombo Proper,2019-07-05
186,9.547040684925105e-06,Colombo Proper,2019-07-06
187,9.452725531817138e-07,Colombo Proper,2019-07-07
188,0.0001606779140439,Colombo Proper,2019-07-08
189,5.047959159020286e-05,Colombo Proper,2019-07-09
190,5.047959159020286e-05,Colombo Proper,2019-07-10
191,6.685329661024943e-05,Colombo Proper,2019-07-11
192,0.0001352754338604,Colombo Proper,2019-07-12
193,9.32507996651824e-05,Colombo Proper,2019-07-13
194,9.32507996651824e-05,Colombo Proper,2019-07-14
195,9.32507996651824e-05,Colombo Proper,2019-07-15
196,9.32507996651824e-05,Colombo Proper,2019-07-16
197,9.77121531808704e-05,Colombo Proper,2019-07-17
198,9.77121531808704e-05,Colombo Proper,2019-07-18
199,9.77121531808704e-05,Colombo Proper,2019-07-19
200,9.77121531808704e-05,Colombo Proper,2019-07-20
201,0.0001328017366567,Colombo Proper,2019-07-21
202,-1.0360142278733146e-05,Colombo Proper,2019-07-22
203,-1.0360142278733146e-05,Colombo Proper,2019-07-23
204,5.20387301457421e-05,Colombo Proper,2019-07-24
205,0.0001644546205319,Colombo Proper,2019-07-25
206,0.0001707607001308,Colombo Proper,2019-07-26
207,0.0001185044673927,Colombo Proper,2019-07-27
208,0.0001041769215942,Colombo Proper,2019-07-28
209,0.0001754362061189,Colombo Proper,2019-07-29
210,4.6955253049504447e-05,Colombo Proper,2019-07-30
211,9.259486707748456e-05,Colombo Proper,2019-07-31
212,4.458029389653336e-05,Colombo Proper,2019-08-01
213,6.93505158442184e-05,Colombo Proper,2019-08-02
214,6.93505158442184e-05,Colombo Proper,2019-08-03
215,-2.350630165773713e-05,Colombo Proper,2019-08-04
216,4.396326486663663e-06,Colombo Proper,2019-08-05
217,5.951792946298224e-05,Colombo Proper,2019-08-06
218,0.0002358972517484,Colombo Proper,2019-08-07
219,-3.753132753502911e-05,Colombo Proper,2019-08-08
220,-3.753132753502911e-05,Colombo Proper,2019-08-09
221,0.0001621829232794,Colombo Proper,2019-08-10
222,0.0001621829232794,Colombo Proper,2019-08-11
223,5.860973694382833e-05,Colombo Proper,2019-08-12
224,5.860973694382833e-05,Colombo Proper,2019-08-13
225,5.860973694382833e-05,Colombo Proper,2019-08-14
226,0.0001350586133809,Colombo Proper,2019-08-15
227,0.0001685731549514,Colombo Proper,2019-08-16
228,0.0001685731549514,Colombo Proper,2019-08-17
229,3.706723761402327e-05,Colombo Proper,2019-08-18
230,8.584961620742005e-05,Colombo Proper,2019-08-19
231,8.793838791530453e-05,Colombo Proper,2019-08-20
232,8.479952216441172e-05,Colombo Proper,2019-08-21
233,0.0001512307072603,Colombo Proper,2019-08-22
234,0.0001512307072603,Colombo Proper,2019-08-23
235,0.0001512307072603,Colombo Proper,2019-08-24
236,2.8320877798642062e-05,Colombo Proper,2019-08-25
237,0.000189373458852,Colombo Proper,2019-08-26
238,0.000189373458852,Colombo Proper,2019-08-27
239,0.000189373458852,Colombo Proper,2019-08-28
240,0.0003315822687,Colombo Proper,2019-08-29
242,4.148157993699298e-05,Colombo Proper,2019-08-31
243,1.1819308958476046e-05,Colombo Proper,2019-09-01
244,0.0001254869544792,Colombo Proper,2019-09-02
245,2.2278653994414338e-05,Colombo Proper,2019-09-03
246,6.601078846206005e-05,Colombo Proper,2019-09-04
247,6.189868745003109e-05,Colombo Proper,2019-09-05
248,6.96768756388925e-06,Colombo Proper,2019-09-06
249,0.0001425282227641,Colombo Proper,2019-09-07
250,0.0001051981676809,Colombo Proper,2019-09-08
251,7.796198665621607e-05,Colombo Proper,2019-09-09
252,0.0001706459092882,Colombo Proper,2019-09-10
253,-2.7079145498339e-05,Colombo Proper,2019-09-11
254,-2.7079145498339e-05,Colombo Proper,2019-09-12
255,-2.7079145498339e-05,Colombo Proper,2019-09-13
256,-2.7079145498339e-05,Colombo Proper,2019-09-14
258,7.293194215549228e-05,Colombo Proper,2019-09-16
259,7.293194215549228e-05,Colombo Proper,2019-09-17
260,0.0001224324055217,Colombo Proper,2019-09-18
261,4.4304662755935576e-05,Colombo Proper,2019-09-19
262,4.4304662755935576e-05,Colombo Proper,2019-09-20
263,6.719672168285214e-05,Colombo Proper,2019-09-21
264,0.000358217745088,Colombo Proper,2019-09-22
265,0.000358217745088,Colombo Proper,2019-09-23
266,0.000358217745088,Colombo Proper,2019-09-24
267,0.000358217745088,Colombo Proper,2019-09-25
268,0.000358217745088,Colombo Proper,2019-09-26
269,0.0001222516306589,Colombo Proper,2019-09-27
270,0.0002095719037861,Colombo Proper,2019-09-28
271,0.0001578932214216,Colombo Proper,2019-09-29
272,0.0001080054580652,Colombo Proper,2019-09-30
273,0.0001737579768947,Colombo Proper,2019-10-01
274,8.218956230442276e-05,Colombo Proper,2019-10-02
275,0.000304390194455,Colombo Proper,2019-10-03
276,4.704659868522847e-05,Colombo Proper,2019-10-04
277,0.0001757757371135,Colombo Proper,2019-10-05
278,3.090292903243917e-05,Colombo Proper,2019-10-06
279,3.090292903243917e-05,Colombo Proper,2019-10-07
280,0.000141664818243,Colombo Proper,2019-10-08
281,0.0001721947790897,Colombo Proper,2019-10-09
282,0.000192906272276,Colombo Proper,2019-10-10
283,0.0001498612726906,Colombo Proper,2019-10-11
284,0.0001498612726906,Colombo Proper,2019-10-12
285,0.0001498612726906,Colombo Proper,2019-10-13
286,8.925810029372805e-05,Colombo Proper,2019-10-14
287,0.00018203204122,Colombo Proper,2019-10-15
288,0.0001768249399084,Colombo Proper,2019-10-16
289,4.544709803342311e-05,Colombo Proper,2019-10-17
290,0.0001029842285738,Colombo Proper,2019-10-18
291,0.000166222072496,Colombo Proper,2019-10-19
292,6.604724330827594e-05,Colombo Proper,2019-10-20
293,0.0001471854356328,Colombo Proper,2019-10-21
294,0.0001471854356328,Colombo Proper,2019-10-22
295,0.0001471854356328,Colombo Proper,2019-10-23
296,0.0002105868261531,Colombo Proper,2019-10-24
297,0.0002105868261531,Colombo Proper,2019-10-25
298,0.0002105868261531,Colombo Proper,2019-10-26
299,0.0002105868261531,Colombo Proper,2019-10-27
300,0.0002105868261531,Colombo Proper,2019-10-28
301,0.0002105868261531,Colombo Proper,2019-10-29
302,0.0001396458115619,Colombo Proper,2019-10-30
303,0.0001396458115619,Colombo Proper,2019-10-31
304,0.0001396458115619,Colombo Proper,2019-11-01
305,0.0001020767205157,Colombo Proper,2019-11-02
306,0.0001659270451597,Colombo Proper,2019-11-03
307,0.0001659270451597,Colombo Proper,2019-11-04
308,0.0002203240319704,Colombo Proper,2019-11-05
309,0.0001085077493071,Colombo Proper,2019-11-06
310,0.0001533303704185,Colombo Proper,2019-11-07
311,2.449133360208192e-05,Colombo Proper,2019-11-08
312,9.954417328117417e-05,Colombo Proper,2019-11-09
313,9.954417328117417e-05,Colombo Proper,2019-11-10
314,0.0002464783486751,Colombo Proper,2019-11-11
315,0.0002286748077898,Colombo Proper,2019-11-12
316,0.0001058508442953,Colombo Proper,2019-11-13
317,0.0001058508442953,Colombo Proper,2019-11-14
318,0.000304956160363,Colombo Proper,2019-11-15
319,0.0001181269595507,Colombo Proper,2019-11-16
320,0.0002163568638083,Colombo Proper,2019-11-17
321,0.0002562980434127,Colombo Proper,2019-11-18
322,0.0002262293126616,Colombo Proper,2019-11-19
323,0.0001183108649021,Colombo Proper,2019-11-20
324,0.0002690103541566,Colombo Proper,2019-11-21
325,0.0002406342461061,Colombo Proper,2019-11-22
326,3.679902874864638e-05,Colombo Proper,2019-11-23
327,5.579817723156864e-05,Colombo Proper,2019-11-24
328,0.0001413787106896,Colombo Proper,2019-11-25
329,0.0001413787106896,Colombo Proper,2019-11-26
330,0.0002078347199929,Colombo Proper,2019-11-27
331,5.68003627756596e-05,Colombo Proper,2019-11-28
332,0.0003223588282708,Colombo Proper,2019-11-29
333,0.0003223588282708,Colombo Proper,2019-11-30
334,0.0001704950669758,Colombo Proper,2019-12-01
335,0.0001486318043901,Colombo Proper,2019-12-02
336,0.0001022840006044,Colombo Proper,2019-12-03
337,0.0001322834507644,Colombo Proper,2019-12-04
338,0.0001322834507644,Colombo Proper,2019-12-05
339,0.0001322834507644,Colombo Proper,2019-12-06
340,0.0001474497060849,Colombo Proper,2019-12-07
341,0.0001474497060849,Colombo Proper,2019-12-08
342,0.0001859855817531,Colombo Proper,2019-12-09
343,0.0001859855817531,Colombo Proper,2019-12-10
344,0.0001228435862202,Colombo Proper,2019-12-11
345,0.0001042457855687,Colombo Proper,2019-12-12
346,0.0002164941691222,Colombo Proper,2019-12-13
348,0.00027549814347,Colombo Proper,2019-12-15
349,0.00027549814347,Colombo Proper,2019-12-16
350,0.0001214960906414,Colombo Proper,2019-12-17
351,-4.637232239424427e-05,Colombo Proper,2019-12-18
352,-4.637232239424427e-05,Colombo Proper,2019-12-19
353,7.94898009867197e-05,Colombo Proper,2019-12-20
354,7.94898009867197e-05,Colombo Proper,2019-12-21
355,0.0001485055886232,Colombo Proper,2019-12-22
356,0.0001485055886232,Colombo Proper,2019-12-23
357,0.0002550241906414,Colombo Proper,2019-12-24
358,4.728911813486761e-05,Colombo Proper,2019-12-25
359,0.0002037281242062,Colombo Proper,2019-12-26
360,0.0002416867643049,Colombo Proper,2019-12-27
361,0.0001144656784438,Colombo Proper,2019-12-28
362,0.0001522148543134,Colombo Proper,2019-12-29
363,0.0002942146156084,Colombo Proper,2019-12-30
364,0.0001909560301447,Colombo Proper,2019-12-31
365,0.0001909560301447,Colombo Proper,2020-01-01
366,0.000175819716712,Colombo Proper,2020-01-02
367,0.0001811470054066,Colombo Proper,2020-01-03
368,0.0002221505765049,Colombo Proper,2020-01-04
369,0.0001451638839321,Colombo Proper,2020-01-05
370,0.0002312682960304,Colombo Proper,2020-01-06
371,0.000165506418085,Colombo Proper,2020-01-07
372,0.0001594447211986,Colombo Proper,2020-01-08
373,0.0001765471459148,Colombo Proper,2020-01-09
374,0.0002859636573313,Colombo Proper,2020-01-10
375,8.481429740966081e-05,Colombo Proper,2020-01-11
376,0.0001070849342063,Colombo Proper,2020-01-12
377,0.000239419617662,Colombo Proper,2020-01-13
378,0.0002342143239867,Colombo Proper,2020-01-14
379,0.0002480890194684,Colombo Proper,2020-01-15
380,0.0002516535625757,Colombo Proper,2020-01-16
381,0.0002516535625757,Colombo Proper,2020-01-17
382,0.0001968408803631,Colombo Proper,2020-01-18
383,0.000342133279708,Colombo Proper,2020-01-19
384,0.0001422912093679,Colombo Proper,2020-01-20
385,0.0001066841920417,Colombo Proper,2020-01-21
386,8.923695397071347e-05,Colombo Proper,2020-01-22
387,0.0001767864040997,Colombo Proper,2020-01-23
388,0.0002021668074626,Colombo Proper,2020-01-24
389,0.0001754756686984,Colombo Proper,2020-01-25
390,0.0001495594419054,Colombo Proper,2020-01-26
391,0.0001982027954691,Colombo Proper,2020-01-27
392,0.0002315512988484,Colombo Proper,2020-01-28
393,0.0002020505990937,Colombo Proper,2020-01-29
394,0.0003061261842824,Colombo Proper,2020-01-30
395,0.0003446412323474,Colombo Proper,2020-01-31
396,0.0002660284037032,Colombo Proper,2020-02-01
397,0.0002660284037032,Colombo Proper,2020-02-02
398,0.0002472165544068,Colombo Proper,2020-02-03
401,0.0002286302464304,Colombo Proper,2020-02-06
402,0.000118202084601,Colombo Proper,2020-02-07
403,0.0002355592067721,Colombo Proper,2020-02-08
404,0.0003416936395035,Colombo Proper,2020-02-09
405,0.0003869898402745,Colombo Proper,2020-02-10
406,0.0001552948225782,Colombo Proper,2020-02-11
407,0.0002317122707609,Colombo Proper,2020-02-12
408,0.0002089000604718,Colombo Proper,2020-02-13
409,0.0002613268290532,Colombo Proper,2020-02-14
410,0.000303801758523,Colombo Proper,2020-02-15
411,0.0003636691230425,Colombo Proper,2020-02-16
412,0.0003318927710119,Colombo Proper,2020-02-17
413,0.0003318927710119,Colombo Proper,2020-02-18
414,0.0003606924125485,Colombo Proper,2020-02-19
416,0.000137693889204,Colombo Proper,2020-02-21
417,0.000137693889204,Colombo Proper,2020-02-22
418,0.000269251566778,Colombo Proper,2020-02-23
419,0.000223191232682,Colombo Proper,2020-02-24
420,0.0002569998392544,Colombo Proper,2020-02-25
422,0.0003476997340625,Colombo Proper,2020-02-27
423,0.000211519513137,Colombo Proper,2020-02-28
424,0.0003134785123514,Colombo Proper,2020-02-29
425,0.0002889810381423,Colombo Proper,2020-03-01
426,0.0002060890148762,Colombo Proper,2020-03-02
427,0.0002824761524587,Colombo Proper,2020-03-03
428,0.0001900671849609,Colombo Proper,2020-03-04
429,0.0001900671849609,Colombo Proper,2020-03-05
430,0.0002108390146402,Colombo Proper,2020-03-06
431,0.0002018515323925,Colombo Proper,2020-03-07
432,0.0002378402403791,Colombo Proper,2020-03-08
433,0.0003327486847198,Colombo Proper,2020-03-09
434,0.0003499292466113,Colombo Proper,2020-03-10
435,0.0003147830822962,Colombo Proper,2020-03-11
436,0.0002215638802353,Colombo Proper,2020-03-12
438,0.0003071506905542,Colombo Proper,2020-03-14
439,0.0002086684833428,Colombo Proper,2020-03-15
440,0.0002902936678157,Colombo Proper,2020-03-16
441,0.0003156514615008,Colombo Proper,2020-03-17
442,0.0001596298709252,Colombo Proper,2020-03-18
443,0.0001596298709252,Colombo Proper,2020-03-19
444,0.0001596298709252,Colombo Proper,2020-03-20
445,0.0001596298709252,Colombo Proper,2020-03-21
446,0.0002507782280502,Colombo Proper,2020-03-22
447,0.0003755877640102,Colombo Proper,2020-03-23
448,0.0002191446162801,Colombo Proper,2020-03-24
449,0.0001738920288399,Colombo Proper,2020-03-25
451,0.0002081620022439,Colombo Proper,2020-03-27
452,0.0003352802693489,Colombo Proper,2020-03-28
453,0.0001863390892109,Colombo Proper,2020-03-29
454,0.0002342340060185,Colombo Proper,2020-03-30
455,0.0001685367646813,Colombo Proper,2020-03-31
456,0.0001582845579832,Colombo Proper,2020-04-01
457,0.0002478837732618,Colombo Proper,2020-04-02
458,0.0002588460179914,Colombo Proper,2020-04-03
459,0.0001713114595895,Colombo Proper,2020-04-04
460,0.0002127745101051,Colombo Proper,2020-04-05
461,0.0002127745101051,Colombo Proper,2020-04-06
462,9.38554371256366e-05,Colombo Proper,2020-04-07
463,0.0001365360921676,Colombo Proper,2020-04-08
464,0.0001492311110197,Colombo Proper,2020-04-09
465,0.0001058124670207,Colombo Proper,2020-04-10
466,0.0001740889785322,Colombo Proper,2020-04-11
467,0.0001601075035254,Colombo Proper,2020-04-12
468,0.000180797177747,Colombo Proper,2020-04-13
469,0.0002226960722198,Colombo Proper,2020-04-14
470,4.693396476795897e-05,Colombo Proper,2020-04-15
471,0.0001989634346848,Colombo Proper,2020-04-16
472,0.000183928161466,Colombo Proper,2020-04-17
473,0.0002145379453068,Colombo Proper,2020-04-18
474,0.0001914146864312,Colombo Proper,2020-04-19
475,0.0002031757939126,Colombo Proper,2020-04-20
476,0.0001600981711373,Colombo Proper,2020-04-21
477,0.0001600981711373,Colombo Proper,2020-04-22
478,0.0001600981711373,Colombo Proper,2020-04-23
479,0.0001406910458095,Colombo Proper,2020-04-24
480,0.0001406910458095,Colombo Proper,2020-04-25
481,0.0001359427979954,Colombo Proper,2020-04-26
482,0.0001354434317104,Colombo Proper,2020-04-27
483,7.410965218508509e-05,Colombo Proper,2020-04-28
484,0.0001046117112512,Colombo Proper,2020-04-29
485,0.0001838830943896,Colombo Proper,2020-04-30
486,0.0001656320082705,Colombo Proper,2020-05-01
487,0.0002379170848126,Colombo Proper,2020-05-02
488,0.0001532576961496,Colombo Proper,2020-05-03
489,0.0002307680164753,Colombo Proper,2020-05-04
490,0.0001289697579581,Colombo Proper,2020-05-05
491,0.0001289697579581,Colombo Proper,2020-05-06
492,0.0001289697579581,Colombo Proper,2020-05-07
493,0.0001289697579581,Colombo Proper,2020-05-08
494,0.0001123520465512,Colombo Proper,2020-05-09
495,0.0002312783008953,Colombo Proper,2020-05-10
496,0.0002312783008953,Colombo Proper,2020-05-11
497,0.0002312783008953,Colombo Proper,2020-05-12
498,0.0001631825917376,Colombo Proper,2020-05-13
499,0.0001503001493125,Colombo Proper,2020-05-14
500,0.0003438599774495,Colombo Proper,2020-05-15
501,0.0003438599774495,Colombo Proper,2020-05-16
502,0.0003438599774495,Colombo Proper,2020-05-17
503,0.0003438599774495,Colombo Proper,2020-05-18
504,0.0001189361982722,Colombo Proper,2020-05-19
505,0.0001189361982722,Colombo Proper,2020-05-20
506,2.677951647760532e-05,Colombo Proper,2020-05-21
507,2.677951647760532e-05,Colombo Proper,2020-05-22
508,0.0001599202746551,Colombo Proper,2020-05-23
509,0.0001599202746551,Colombo Proper,2020-05-24
510,0.0001229970456021,Colombo Proper,2020-05-25
511,8.88699439362386e-05,Colombo Proper,2020-05-26
512,0.0001082561779196,Colombo Proper,2020-05-27
513,0.0001082561779196,Colombo Proper,2020-05-28
514,6.240960160428663e-05,Colombo Proper,2020-05-29
515,3.846044830897755e-05,Colombo Proper,2020-05-30
516,-2.987381835365395e-06,Colombo Proper,2020-05-31
517,0.000121141944122,Colombo Proper,2020-06-01
518,0.0001334314306849,Colombo Proper,2020-06-02
519,4.184015518299238e-05,Colombo Proper,2020-06-03
520,6.386906709541972e-05,Colombo Proper,2020-06-04
521,6.390508387308208e-05,Colombo Proper,2020-06-05
522,9.759900266702665e-05,Colombo Proper,2020-06-06
523,9.759900266702665e-05,Colombo Proper,2020-06-07
524,9.759900266702665e-05,Colombo Proper,2020-06-08
525,9.759900266702665e-05,Colombo Proper,2020-06-09
526,0.0001844867718274,Colombo Proper,2020-06-10
527,1.0387170742350296e-05,Colombo Proper,2020-06-11
528,0.0001262331509948,Colombo Proper,2020-06-12
529,0.0001262331509948,Colombo Proper,2020-06-13
530,0.0001954386378505,Colombo Proper,2020-06-14
531,-3.856742614450761e-06,Colombo Proper,2020-06-15
532,0.0001432230767169,Colombo Proper,2020-06-16
533,0.0001432230767169,Colombo Proper,2020-06-17
534,7.33823541965766e-05,Colombo Proper,2020-06-18
535,5.250919320498035e-05,Colombo Proper,2020-06-19
536,7.053601420995188e-05,Colombo Proper,2020-06-20
537,7.179510677216268e-05,Colombo Proper,2020-06-21
538,7.179510677216268e-05,Colombo Proper,2020-06-22
539,4.058775404370783e-05,Colombo Proper,2020-06-23
540,0.0001047546448937,Colombo Proper,2020-06-24
541,0.0001047546448937,Colombo Proper,2020-06-25
542,0.0001047546448937,Colombo Proper,2020-06-26
543,0.0001047546448937,Colombo Proper,2020-06-27
544,9.694238940661948e-05,Colombo Proper,2020-06-28
545,0.0001006757847927,Colombo Proper,2020-06-29
546,0.0001006757847927,Colombo Proper,2020-06-30
547,8.496655202105822e-05,Colombo Proper,2020-07-01
548,5.695702040364191e-05,Colombo Proper,2020-07-02
549,0.000229363866223,Colombo Proper,2020-07-03
550,0.0001326400427316,Colombo Proper,2020-07-04
551,-3.3158529189727524e-05,Colombo Proper,2020-07-05
552,2.917879854773666e-05,Colombo Proper,2020-07-06
553,-1.8534759861492544e-05,Colombo Proper,2020-07-07
554,0.0001367529051256,Colombo Proper,2020-07-08
555,9.876886113591492e-05,Colombo Proper,2020-07-09
556,9.876886113591492e-05,Colombo Proper,2020-07-10
557,9.876886113591492e-05,Colombo Proper,2020-07-11
558,9.876886113591492e-05,Colombo Proper,2020-07-12
559,9.876886113591492e-05,Colombo Proper,2020-07-13
560,0.0001549258383588,Colombo Proper,2020-07-14
561,0.0001079511928576,Colombo Proper,2020-07-15
562,0.0001394245034344,Colombo Proper,2020-07-16
563,0.0001394245034344,Colombo Proper,2020-07-17
564,0.0001175511391026,Colombo Proper,2020-07-18
565,0.0003319758664293,Colombo Proper,2020-07-19
566,0.0001123538342313,Colombo Proper,2020-07-20
567,0.0001123538342313,Colombo Proper,2020-07-21
568,0.0001967218725518,Colombo Proper,2020-07-22
569,0.0001967218725518,Colombo Proper,2020-07-23
570,0.0002550974683168,Colombo Proper,2020-07-24
571,0.0002550974683168,Colombo Proper,2020-07-25
572,0.0002550974683168,Colombo Proper,2020-07-26
573,0.0002550974683168,Colombo Proper,2020-07-27
574,2.194835337581231e-05,Colombo Proper,2020-07-28
575,2.194835337581231e-05,Colombo Proper,2020-07-29
576,2.194835337581231e-05,Colombo Proper,2020-07-30
577,2.194835337581231e-05,Colombo Proper,2020-07-31
578,7.22438335812151e-05,Colombo Proper,2020-08-01
579,6.165343655485986e-05,Colombo Proper,2020-08-02
580,6.165343655485986e-05,Colombo Proper,2020-08-03
581,6.165343655485986e-05,Colombo Proper,2020-08-04
582,6.165343655485986e-05,Colombo Proper,2020-08-05
583,6.165343655485986e-05,Colombo Proper,2020-08-06
584,6.165343655485986e-05,Colombo Proper,2020-08-07
585,6.165343655485986e-05,Colombo Proper,2020-08-08
586,6.756726523655993e-05,Colombo Proper,2020-08-09
587,6.756726523655993e-05,Colombo Proper,2020-08-10
588,6.756726523655993e-05,Colombo Proper,2020-08-11
589,6.756726523655993e-05,Colombo Proper,2020-08-12
590,6.824330114802585e-05,Colombo Proper,2020-08-13
591,6.551141187371996e-05,Colombo Proper,2020-08-14
592,9.53623197143923e-05,Colombo Proper,2020-08-15
593,5.218663593212984e-05,Colombo Proper,2020-08-16
594,5.218663593212984e-05,Colombo Proper,2020-08-17
595,9.408554995921697e-05,Colombo Proper,2020-08-18
596,0.000108648368642,Colombo Proper,2020-08-19
597,5.898684525526202e-05,Colombo Proper,2020-08-20
598,0.000185514265541,Colombo Proper,2020-08-21
599,0.0001383807546722,Colombo Proper,2020-08-22
600,1.020713033914896e-05,Colombo Proper,2020-08-23
601,-4.4336980382498894e-05,Colombo Proper,2020-08-24
602,5.800061266907338e-05,Colombo Proper,2020-08-25
603,0.00012725378676,Colombo Proper,2020-08-26
604,0.0001226426706302,Colombo Proper,2020-08-27
605,8.611686644879429e-05,Colombo Proper,2020-08-28
606,0.0001581098164079,Colombo Proper,2020-08-29
607,0.0001601970867785,Colombo Proper,2020-08-30
608,9.00559617642378e-05,Colombo Proper,2020-08-31
609,0.0001089729114532,Colombo Proper,2020-09-01
610,0.0001089729114532,Colombo Proper,2020-09-02
611,0.0001089729114532,Colombo Proper,2020-09-03
612,8.350929906288698e-05,Colombo Proper,2020-09-04
613,6.279599504086146e-05,Colombo Proper,2020-09-05
614,-2.856671194697828e-05,Colombo Proper,2020-09-06
615,-2.856671194697828e-05,Colombo Proper,2020-09-07
616,-2.856671194697828e-05,Colombo Proper,2020-09-08
617,-4.658729364983872e-05,Colombo Proper,2020-09-09
618,5.088969002586624e-05,Colombo Proper,2020-09-10
619,5.088969002586624e-05,Colombo Proper,2020-09-11
620,6.437920269536806e-05,Colombo Proper,2020-09-12
621,0.0001609683889167,Colombo Proper,2020-09-13
622,0.0001143370669573,Colombo Proper,2020-09-14
623,0.0001143370669573,Colombo Proper,2020-09-15
624,3.69041425834875e-05,Colombo Proper,2020-09-16
625,-2.5222887248274982e-05,Colombo Proper,2020-09-17
626,0.0001903554784655,Colombo Proper,2020-09-18
627,0.0001903554784655,Colombo Proper,2020-09-19
628,3.544372022705729e-05,Colombo Proper,2020-09-20
629,3.544372022705729e-05,Colombo Proper,2020-09-21
630,3.544372022705729e-05,Colombo Proper,2020-09-22
631,3.544372022705729e-05,Colombo Proper,2020-09-23
632,0.0001260179927192,Colombo Proper,2020-09-24
633,5.564912544903195e-05,Colombo Proper,2020-09-25
634,5.564912544903195e-05,Colombo Proper,2020-09-26
635,6.616742823127159e-05,Colombo Proper,2020-09-27
636,0.000226078828243,Colombo Proper,2020-09-28
637,1.063345464081946e-05,Colombo Proper,2020-09-29
638,1.063345464081946e-05,Colombo Proper,2020-09-30
639,1.063345464081946e-05,Colombo Proper,2020-10-01
640,8.39799467602166e-05,Colombo Proper,2020-10-02
641,0.0001044083669184,Colombo Proper,2020-10-03
642,2.111934367094221e-07,Colombo Proper,2020-10-04
643,7.119013827322124e-05,Colombo Proper,2020-10-05
644,0.0001443318573785,Colombo Proper,2020-10-06
645,0.00012927445667,Colombo Proper,2020-10-07
646,0.00012927445667,Colombo Proper,2020-10-08
647,0.00012927445667,Colombo Proper,2020-10-09
648,0.00012927445667,Colombo Proper,2020-10-10
649,8.378911994586367e-05,Colombo Proper,2020-10-11
650,0.0001581395232151,Colombo Proper,2020-10-12
651,0.0001933941976113,Colombo Proper,2020-10-13
652,9.858052342680412e-05,Colombo Proper,2020-10-14
653,9.858052342680412e-05,Colombo Proper,2020-10-15
654,9.858052342680412e-05,Colombo Proper,2020-10-16
655,1.7811748198917226e-05,Colombo Proper,2020-10-17
656,7.158585229107723e-05,Colombo Proper,2020-10-18
657,0.0002520162448395,Colombo Proper,2020-10-19
658,3.3276900294780645e-05,Colombo Proper,2020-10-20
659,0.0001338458078774,Colombo Proper,2020-10-21
660,7.555173946898224e-06,Colombo Proper,2020-10-22
661,7.105086143836031e-05,Colombo Proper,2020-10-23
662,7.332211693731152e-05,Colombo Proper,2020-10-24
663,8.174195566978968e-05,Colombo Proper,2020-10-25
664,7.09171727688149e-05,Colombo Proper,2020-10-26
665,0.0001405435827147,Colombo Proper,2020-10-27
666,0.0002763089594117,Colombo Proper,2020-10-28
667,0.0001685633329135,Colombo Proper,2020-10-29
668,5.401703829654914e-06,Colombo Proper,2020-10-30
669,5.401703829654914e-06,Colombo Proper,2020-10-31
670,0.0001371110957633,Colombo Proper,2020-11-01
671,0.0001035264844426,Colombo Proper,2020-11-02
672,0.0002582581414107,Colombo Proper,2020-11-03
673,0.0001479459736054,Colombo Proper,2020-11-04
674,0.0001713041765321,Colombo Proper,2020-11-05
675,0.0001608849066159,Colombo Proper,2020-11-06
676,0.0001322907462156,Colombo Proper,2020-11-07
677,0.0001014556496769,Colombo Proper,2020-11-08
678,0.0001549767491343,Colombo Proper,2020-11-09
679,0.0002153815936199,Colombo Proper,2020-11-10
680,0.0001680503574552,Colombo Proper,2020-11-11
681,0.0002092867308346,Colombo Proper,2020-11-12
682,0.0001328514258473,Colombo Proper,2020-11-13
683,0.000127032481064,Colombo Proper,2020-11-14
684,0.0003014676645325,Colombo Proper,2020-11-15
685,0.0003014676645325,Colombo Proper,2020-11-16
686,0.0002102343142154,Colombo Proper,2020-11-17
687,0.0001226272107369,Colombo Proper,2020-11-18
688,0.0001689257057162,Colombo Proper,2020-11-19
689,0.000114912225481,Colombo Proper,2020-11-20
690,0.0001138495641792,Colombo Proper,2020-11-21
691,0.0002088124755424,Colombo Proper,2020-11-22
692,0.0002088124755424,Colombo Proper,2020-11-23
693,0.0001261620531561,Colombo Proper,2020-11-24
694,0.0001261620531561,Colombo Proper,2020-11-25
695,0.0001261620531561,Colombo Proper,2020-11-26
696,5.329385075339822e-05,Colombo Proper,2020-11-27
697,0.0002872822628802,Colombo Proper,2020-11-28
698,0.0003573190095101,Colombo Proper,2020-11-29
699,0.0001306101105465,Colombo Proper,2020-11-30
700,0.0001895978733741,Colombo Proper,2020-12-01
701,0.0001895978733741,Colombo Proper,2020-12-02
702,0.0001895978733741,Colombo Proper,2020-12-03
703,3.9636452885990645e-06,Colombo Proper,2020-12-04
704,0.0002854040079956,Colombo Proper,2020-12-05
705,0.0001434644771966,Colombo Proper,2020-12-06
706,0.0001896025597799,Colombo Proper,2020-12-07
707,0.000274648565017,Colombo Proper,2020-12-08
708,0.0002232851100516,Colombo Proper,2020-12-09
710,0.0002129514349934,Colombo Proper,2020-12-11
711,0.0002680092342523,Colombo Proper,2020-12-12
712,0.0001300334105227,Colombo Proper,2020-12-13
713,0.0001347145288639,Colombo Proper,2020-12-14
714,0.0002642558670693,Colombo Proper,2020-12-15
715,0.0002206075632153,Colombo Proper,2020-12-16
716,0.000213910686674,Colombo Proper,2020-12-17
717,0.000213910686674,Colombo Proper,2020-12-18
718,-3.192751512459696e-05,Colombo Proper,2020-12-19
719,-3.192751512459696e-05,Colombo Proper,2020-12-20
720,-3.192751512459696e-05,Colombo Proper,2020-12-21
721,-3.192751512459696e-05,Colombo Proper,2020-12-22
722,-3.192751512459696e-05,Colombo Proper,2020-12-23
723,-3.192751512459696e-05,Colombo Proper,2020-12-24
724,0.0002053803512766,Colombo Proper,2020-12-25
725,0.0001272233308124,Colombo Proper,2020-12-26
726,0.0001622308343621,Colombo Proper,2020-12-27
727,0.0001014035540544,Colombo Proper,2020-12-28
728,0.0001641161179862,Colombo Proper,2020-12-29
729,0.0002430780579364,Colombo Proper,2020-12-30
731,0.0002369831877015,Colombo Proper,2021-01-01
732,0.0002369831877015,Colombo Proper,2021-01-02
733,0.0002369831877015,Colombo Proper,2021-01-03
734,0.0002369831877015,Colombo Proper,2021-01-04
736,0.0001514076036091,Colombo Proper,2021-01-06
737,0.0001898265243012,Colombo Proper,2021-01-07
738,0.0002692413319713,Colombo Proper,2021-01-08
739,0.0001306578061264,Colombo Proper,2021-01-09
740,0.0001306578061264,Colombo Proper,2021-01-10
741,0.0001306578061264,Colombo Proper,2021-01-11
742,0.0001306578061264,Colombo Proper,2021-01-12
743,0.0001306578061264,Colombo Proper,2021-01-13
744,0.0001306578061264,Colombo Proper,2021-01-14
745,-2.814097830969805e-05,Colombo Proper,2021-01-15
746,-2.814097830969805e-05,Colombo Proper,2021-01-16
747,-2.814097830969805e-05,Colombo Proper,2021-01-17
748,0.0001785179326151,Colombo Proper,2021-01-18
749,0.0001785179326151,Colombo Proper,2021-01-19
750,0.0001032693407217,Colombo Proper,2021-01-20
751,0.0002051838040896,Colombo Proper,2021-01-21
752,0.0002140583899306,Colombo Proper,2021-01-22
753,0.0001862861907533,Colombo Proper,2021-01-23
754,0.0001354404351779,Colombo Proper,2021-01-24
755,0.0003174737761862,Colombo Proper,2021-01-25
756,0.0001746427192303,Colombo Proper,2021-01-26
757,0.0002416642817995,Colombo Proper,2021-01-27
759,0.0001088681105839,Colombo Proper,2021-01-29
760,0.0002814834181886,Colombo Proper,2021-01-30
761,0.0002437034403655,Colombo Proper,2021-01-31
762,-4.071811077386823e-05,Colombo Proper,2021-02-01
763,0.0001380282355278,Colombo Proper,2021-02-02
764,0.0001915302879978,Colombo Proper,2021-02-03
765,0.0001915302879978,Colombo Proper,2021-02-04
766,0.000124417414927,Colombo Proper,2021-02-05
767,0.0001891708523288,Colombo Proper,2021-02-06
768,3.277584362007702e-06,Colombo Proper,2021-02-07
769,3.277584362007702e-06,Colombo Proper,2021-02-08
770,0.0002360149943155,Colombo Proper,2021-02-09
771,0.00024592325094,Colombo Proper,2021-02-10
772,0.0002907206630647,Colombo Proper,2021-02-11
773,0.0002645433691866,Colombo Proper,2021-02-12
774,0.0003119554530225,Colombo Proper,2021-02-13
775,0.0002835153994791,Colombo Proper,2021-02-14
776,0.0002050635839755,Colombo Proper,2021-02-15
777,0.0002055507070057,Colombo Proper,2021-02-16
778,0.0003900219266868,Colombo Proper,2021-02-17
779,0.0003264424821823,Colombo Proper,2021-02-18
780,0.0001709358348845,Colombo Proper,2021-02-19
781,0.0001709358348845,Colombo Proper,2021-02-20
782,0.0002139903864919,Colombo Proper,2021-02-21
783,0.0002277018962164,Colombo Proper,2021-02-22
784,0.0001589549799036,Colombo Proper,2021-02-23
785,0.000115214313486,Colombo Proper,2021-02-24
786,0.0002325898708213,Colombo Proper,2021-02-25
787,0.0002289977922013,Colombo Proper,2021-02-26
788,0.0001920381543707,Colombo Proper,2021-02-27
789,0.000202528953311,Colombo Proper,2021-02-28
790,8.974775815940257e-05,Colombo Proper,2021-03-01
792,0.0002043196853631,Colombo Proper,2021-03-03
793,0.0003839609401357,Colombo Proper,2021-03-04
794,0.0003406199961689,Colombo Proper,2021-03-05
795,0.0003904318930223,Colombo Proper,2021-03-06
796,0.0001113585037533,Colombo Proper,2021-03-07
797,0.0001113585037533,Colombo Proper,2021-03-08
798,0.0002371528462455,Colombo Proper,2021-03-09
799,0.0001690345518758,Colombo Proper,2021-03-10
800,0.0002105863433248,Colombo Proper,2021-03-11
801,0.000202354727431,Colombo Proper,2021-03-12
802,0.0001409489129117,Colombo Proper,2021-03-13
803,0.0002179402098774,Colombo Proper,2021-03-14
804,0.0002426438265474,Colombo Proper,2021-03-15
805,0.0002616008564259,Colombo Proper,2021-03-16
806,0.0002512875576035,Colombo Proper,2021-03-17
807,0.0002178442068229,Colombo Proper,2021-03-18
808,0.0003225614713497,Colombo Proper,2021-03-19
809,0.0002924193098551,Colombo Proper,2021-03-20
810,0.0002924193098551,Colombo Proper,2021-03-21
811,0.0003266746678878,Colombo Proper,2021-03-22
812,0.000366138543108,Colombo Proper,2021-03-23
813,0.000366138543108,Colombo Proper,2021-03-24
814,0.0001351284841152,Colombo Proper,2021-03-25
815,0.0001351284841152,Colombo Proper,2021-03-26
816,0.0001351284841152,Colombo Proper,2021-03-27
817,0.0001351284841152,Colombo Proper,2021-03-28
818,0.0001351284841152,Colombo Proper,2021-03-29
819,0.0001392593237019,Colombo Proper,2021-03-30
820,0.0001475118842205,Colombo Proper,2021-03-31
821,0.0001772367650626,Colombo Proper,2021-04-01
822,0.000157007514811,Colombo Proper,2021-04-02
823,0.0001245037900534,Colombo Proper,2021-04-03
824,0.0001555211295454,Colombo Proper,2021-04-04
825,0.0001978674029281,Colombo Proper,2021-04-05
826,0.000347094900212,Colombo Proper,2021-04-06
827,0.000336694393004,Colombo Proper,2021-04-07
828,0.0001683114077093,Colombo Proper,2021-04-08
829,0.0001683114077093,Colombo Proper,2021-04-09
830,0.0003171383792382,Colombo Proper,2021-04-10
831,0.0002353733053514,Colombo Proper,2021-04-11
832,0.0002593412850278,Colombo Proper,2021-04-12
833,0.0001700151831131,Colombo Proper,2021-04-13
834,0.0001700151831131,Colombo Proper,2021-04-14
835,0.000173734373544,Colombo Proper,2021-04-15
836,0.0001010269419527,Colombo Proper,2021-04-16
837,0.000118021278765,Colombo Proper,2021-04-17
838,0.000118021278765,Colombo Proper,2021-04-18
839,0.0001081649258043,Colombo Proper,2021-04-19
840,0.0001847278596022,Colombo Proper,2021-04-20
841,0.0001972131019884,Colombo Proper,2021-04-21
842,0.0001855974828301,Colombo Proper,2021-04-22
843,0.0002471323820972,Colombo Proper,2021-04-23
844,0.0002471323820972,Colombo Proper,2021-04-24
845,0.0002471323820972,Colombo Proper,2021-04-25
846,0.0001463663441777,Colombo Proper,2021-04-26
847,0.0002134845212401,Colombo Proper,2021-04-27
848,0.0001731765506034,Colombo Proper,2021-04-28
849,0.0003036636855953,Colombo Proper,2021-04-29
850,0.0001951219315353,Colombo Proper,2021-04-30
851,0.0002452214396045,Colombo Proper,2021-05-01
852,0.0002645389429535,Colombo Proper,2021-05-02
853,8.557056172578272e-05,Colombo Proper,2021-05-03
854,0.0002209067323248,Colombo Proper,2021-05-04
855,0.0002489217460877,Colombo Proper,2021-05-05
856,0.000200302745968,Colombo Proper,2021-05-06
857,0.0003402714822933,Colombo Proper,2021-05-07
858,0.0001707579410077,Colombo Proper,2021-05-08
859,0.0001754510948178,Colombo Proper,2021-05-09
860,0.000136949172288,Colombo Proper,2021-05-10
861,0.000136949172288,Colombo Proper,2021-05-11
862,0.0001187003015104,Colombo Proper,2021-05-12
863,0.0001073622963506,Colombo Proper,2021-05-13
864,0.0001073622963506,Colombo Proper,2021-05-14
865,0.0001073622963506,Colombo Proper,2021-05-15
866,0.0001073622963506,Colombo Proper,2021-05-16
867,0.0001073622963506,Colombo Proper,2021-05-17
868,0.0001151393206812,Colombo Proper,2021-05-18
869,3.7632326797477766e-05,Colombo Proper,2021-05-19
870,0.0001562455652218,Colombo Proper,2021-05-20
871,0.0001562455652218,Colombo Proper,2021-05-21
872,0.0001562455652218,Colombo Proper,2021-05-22
873,8.640041676999091e-05,Colombo Proper,2021-05-23
874,8.640041676999091e-05,Colombo Proper,2021-05-24
875,0.0001197226696455,Colombo Proper,2021-05-25
876,0.0001197226696455,Colombo Proper,2021-05-26
877,0.0001197226696455,Colombo Proper,2021-05-27
878,0.0002846241686733,Colombo Proper,2021-05-28
879,5.140843569635608e-05,Colombo Proper,2021-05-29
880,0.0001638313116302,Colombo Proper,2021-05-30
881,0.0001179661027567,Colombo Proper,2021-05-31
882,0.0001566254873436,Colombo Proper,2021-06-01
883,0.0001080532010729,Colombo Proper,2021-06-02
884,-1.3164129551316546e-05,Colombo Proper,2021-06-03
885,-1.3164129551316546e-05,Colombo Proper,2021-06-04
886,0.0001845359693438,Colombo Proper,2021-06-05
887,0.0001845359693438,Colombo Proper,2021-06-06
888,0.0001184897886351,Colombo Proper,2021-06-07
889,8.833928529805503e-05,Colombo Proper,2021-06-08
890,8.833928529805503e-05,Colombo Proper,2021-06-09
891,0.000135486230632,Colombo Proper,2021-06-10
892,5.342745342748797e-05,Colombo Proper,2021-06-11
893,5.342745342748797e-05,Colombo Proper,2021-06-12
894,0.0002191296073331,Colombo Proper,2021-06-13
895,0.0002191296073331,Colombo Proper,2021-06-14
896,0.0001334847807237,Colombo Proper,2021-06-15
897,2.117090359564527e-05,Colombo Proper,2021-06-16
898,2.6159526392206325e-05,Colombo Proper,2021-06-17
899,0.0001395902548474,Colombo Proper,2021-06-18
900,3.4048939573982124e-05,Colombo Proper,2021-06-19
901,6.569158932740452e-05,Colombo Proper,2021-06-20
902,0.000162442274985,Colombo Proper,2021-06-21
903,0.0001214765142012,Colombo Proper,2021-06-22
904,0.0001214765142012,Colombo Proper,2021-06-23
905,7.041590683398183e-05,Colombo Proper,2021-06-24
906,8.078253427334957e-05,Colombo Proper,2021-06-25
907,0.0001528314952572,Colombo Proper,2021-06-26
908,0.0001528314952572,Colombo Proper,2021-06-27
909,8.158938262454332e-05,Colombo Proper,2021-06-28
910,-8.562912389164453e-05,Colombo Proper,2021-06-29
911,9.404885234298092e-05,Colombo Proper,2021-06-30
912,0.0002613394697627,Colombo Proper,2021-07-01
913,0.0002613394697627,Colombo Proper,2021-07-02
915,-6.64929785597373e-05,Colombo Proper,2021-07-04
916,-6.64929785597373e-05,Colombo Proper,2021-07-05
917,-2.2501356234331296e-05,Colombo Proper,2021-07-06
918,-2.171927151665001e-05,Colombo Proper,2021-07-07
919,4.777782884694065e-05,Colombo Proper,2021-07-08
920,4.777782884694065e-05,Colombo Proper,2021-07-09
921,4.777782884694065e-05,Colombo Proper,2021-07-10
922,4.777782884694065e-05,Colombo Proper,2021-07-11
923,4.777782884694065e-05,Colombo Proper,2021-07-12
924,4.777782884694065e-05,Colombo Proper,2021-07-13
925,0.0002389225525509,Colombo Proper,2021-07-14
926,0.0002389225525509,Colombo Proper,2021-07-15
927,0.0002389225525509,Colombo Proper,2021-07-16
928,0.0002389225525509,Colombo Proper,2021-07-17
929,0.0002389225525509,Colombo Proper,2021-07-18
930,4.428448499914935e-05,Colombo Proper,2021-07-19
931,8.70193889447396e-05,Colombo Proper,2021-07-20
932,0.0001457126797112,Colombo Proper,2021-07-21
933,3.398212134169013e-05,Colombo Proper,2021-07-22
934,3.398212134169013e-05,Colombo Proper,2021-07-23
935,9.853908654433984e-05,Colombo Proper,2021-07-24
936,9.853908654433984e-05,Colombo Proper,2021-07-25
937,9.853908654433984e-05,Colombo Proper,2021-07-26
938,9.853908654433984e-05,Colombo Proper,2021-07-27
939,2.6380996386437524e-05,Colombo Proper,2021-07-28
940,9.667988833399398e-05,Colombo Proper,2021-07-29
941,0.0001155906042784,Colombo Proper,2021-07-30
942,5.107784333170062e-05,Colombo Proper,2021-07-31
943,0.0001128233697,Colombo Proper,2021-08-01
944,0.0002368718710702,Colombo Proper,2021-08-02
945,-2.139473278983324e-06,Colombo Proper,2021-08-03
946,0.0001531405253013,Colombo Proper,2021-08-04
947,4.0648579074643184e-05,Colombo Proper,2021-08-05
948,4.0648579074643184e-05,Colombo Proper,2021-08-06
949,0.000188900565432,Colombo Proper,2021-08-07
950,6.617820779227803e-05,Colombo Proper,2021-08-08
951,6.617820779227803e-05,Colombo Proper,2021-08-09
952,0.0001369775371414,Colombo Proper,2021-08-10
953,0.000266397037653,Colombo Proper,2021-08-11
954,0.000266397037653,Colombo Proper,2021-08-12
955,0.000266397037653,Colombo Proper,2021-08-13
956,0.000266397037653,Colombo Proper,2021-08-14
957,3.998720165802974e-05,Colombo Proper,2021-08-15
958,0.000103087011299,Colombo Proper,2021-08-16
959,0.000103087011299,Colombo Proper,2021-08-17
960,0.0001140018848353,Colombo Proper,2021-08-18
961,0.000134093894517,Colombo Proper,2021-08-19
962,0.0001103521585815,Colombo Proper,2021-08-20
963,5.59021570127458e-05,Colombo Proper,2021-08-21
964,5.59021570127458e-05,Colombo Proper,2021-08-22
965,5.59021570127458e-05,Colombo Proper,2021-08-23
966,1.4433752468963495e-05,Colombo Proper,2021-08-24
967,0.0001478950834196,Colombo Proper,2021-08-25
968,0.0001478950834196,Colombo Proper,2021-08-26
969,0.0001478950834196,Colombo Proper,2021-08-27
970,-1.8584795708517987e-05,Colombo Proper,2021-08-28
971,0.0002178863117189,Colombo Proper,2021-08-29
972,0.0002178863117189,Colombo Proper,2021-08-30
973,5.991877038189847e-05,Colombo Proper,2021-08-31
974,5.901041403594232e-05,Colombo Proper,2021-09-01
975,0.0001396001138181,Colombo Proper,2021-09-02
976,0.0002744120081462,Colombo Proper,2021-09-03
977,0.0001843671941389,Colombo Proper,2021-09-04
978,0.0001843671941389,Colombo Proper,2021-09-05
979,0.0002357552138328,Colombo Proper,2021-09-06
980,0.0001506352700809,Colombo Proper,2021-09-07
981,0.0003233711501901,Colombo Proper,2021-09-08
982,2.1479099701057176e-05,Colombo Proper,2021-09-09
983,5.667476364560356e-05,Colombo Proper,2021-09-10
984,5.029398661671392e-05,Colombo Proper,2021-09-11
985,7.258111501521719e-05,Colombo Proper,2021-09-12
986,8.283100553994798e-05,Colombo Proper,2021-09-13
987,2.391585104770661e-06,Colombo Proper,2021-09-14
988,-1.5183986753519106e-05,Colombo Proper,2021-09-15
989,0.0001701572499924,Colombo Proper,2021-09-16
990,0.0002497155814623,Colombo Proper,2021-09-17
991,4.18657035174414e-05,Colombo Proper,2021-09-18
992,4.18657035174414e-05,Colombo Proper,2021-09-19
993,3.183551893105144e-05,Colombo Proper,2021-09-20
994,3.183551893105144e-05,Colombo Proper,2021-09-21
995,3.183551893105144e-05,Colombo Proper,2021-09-22
996,6.4424578070135e-05,Colombo Proper,2021-09-23
997,0.0001405140015702,Colombo Proper,2021-09-24
998,5.278711360427154e-05,Colombo Proper,2021-09-25
999,-8.034903995154305e-05,Colombo Proper,2021-09-26
1000,-8.034903995154305e-05,Colombo Proper,2021-09-27
1001,0.0001407665288932,Colombo Proper,2021-09-28
1002,0.0001407665288932,Colombo Proper,2021-09-29
1003,8.099903767863547e-05,Colombo Proper,2021-09-30
1004,8.099903767863547e-05,Colombo Proper,2021-10-01
1005,8.099903767863547e-05,Colombo Proper,2021-10-02
1006,4.413588492435173e-05,Colombo Proper,2021-10-03
1010,9.579922653074744e-05,Colombo Proper,2021-10-07
1011,5.607402213075693e-05,Colombo Proper,2021-10-08
1012,5.556127220190617e-06,Colombo Proper,2021-10-09
1013,5.556127220190617e-06,Colombo Proper,2021-10-10
1014,5.556127220190617e-06,Colombo Proper,2021-10-11
1015,5.556127220190617e-06,Colombo Proper,2021-10-12
1016,7.54321079031583e-05,Colombo Proper,2021-10-13
1017,3.614275812152057e-05,Colombo Proper,2021-10-14
1018,0.0001084263434074,Colombo Proper,2021-10-15
1019,0.0001290246455066,Colombo Proper,2021-10-16
1020,0.0001290246455066,Colombo Proper,2021-10-17
1021,0.0001631285291861,Colombo Proper,2021-10-18
1022,5.580992144408888e-05,Colombo Proper,2021-10-19
1023,0.0001278843069982,Colombo Proper,2021-10-20
1024,0.0001278843069982,Colombo Proper,2021-10-21
1025,0.0002107220220187,Colombo Proper,2021-10-22
1026,-9.627922715197988e-06,Colombo Proper,2021-10-23
1027,5.392780403837498e-05,Colombo Proper,2021-10-24
1028,0.00016805466481,Colombo Proper,2021-10-25
1029,0.0001966765413794,Colombo Proper,2021-10-26
1030,0.0001777093559165,Colombo Proper,2021-10-27
1031,0.0001182857932418,Colombo Proper,2021-10-28
1032,0.0001182857932418,Colombo Proper,2021-10-29
1033,0.0001196376869877,Colombo Proper,2021-10-30
1034,4.184127276175437e-05,Colombo Proper,2021-10-31
1035,1.387785671653146e-05,Colombo Proper,2021-11-01
1036,1.387785671653146e-05,Colombo Proper,2021-11-02
1037,0.0001212487481389,Colombo Proper,2021-11-03
1038,0.0001946685208087,Colombo Proper,2021-11-04
1039,0.0001946685208087,Colombo Proper,2021-11-05
1040,0.0001117711484757,Colombo Proper,2021-11-06
1041,0.0001117711484757,Colombo Proper,2021-11-07
1042,0.0001117711484757,Colombo Proper,2021-11-08
1043,0.0001117711484757,Colombo Proper,2021-11-09
1044,0.0001117711484757,Colombo Proper,2021-11-10
1045,-2.9307014994332408e-05,Colombo Proper,2021-11-11
1046,-2.9307014994332408e-05,Colombo Proper,2021-11-12
1047,-2.9307014994332408e-05,Colombo Proper,2021-11-13
1049,6.605823757240088e-05,Colombo Proper,2021-11-15
1050,6.605823757240088e-05,Colombo Proper,2021-11-16
1051,6.605823757240088e-05,Colombo Proper,2021-11-17
1052,6.605823757240088e-05,Colombo Proper,2021-11-18
1053,1.657601601937637e-05,Colombo Proper,2021-11-19
1054,1.657601601937637e-05,Colombo Proper,2021-11-20
1055,4.740992484225589e-05,Colombo Proper,2021-11-21
1056,9.97903995152294e-05,Colombo Proper,2021-11-22
1057,0.0001252053320552,Colombo Proper,2021-11-23
1058,0.0001252053320552,Colombo Proper,2021-11-24
1059,0.0001252053320552,Colombo Proper,2021-11-25
1060,0.0001252053320552,Colombo Proper,2021-11-26
1061,3.633586679641416e-05,Colombo Proper,2021-11-27
1065,0.0001721799868397,Colombo Proper,2021-12-01
1066,0.0001527044078373,Colombo Proper,2021-12-02
1067,0.0002892300586867,Colombo Proper,2021-12-03
1068,0.0001657918785097,Colombo Proper,2021-12-04
1069,0.0001980647621395,Colombo Proper,2021-12-05
1070,0.0001668042237377,Colombo Proper,2021-12-06
1071,0.0002453597373491,Colombo Proper,2021-12-07
1072,0.0001995450183162,Colombo Proper,2021-12-08
1073,0.0003044002613605,Colombo Proper,2021-12-09
1074,0.0002289257347507,Colombo Proper,2021-12-10
1075,0.0002056766954945,Colombo Proper,2021-12-11
1076,0.0002984725432944,Colombo Proper,2021-12-12
1077,9.829105344649392e-05,Colombo Proper,2021-12-13
1078,9.829105344649392e-05,Colombo Proper,2021-12-14
1079,9.829105344649392e-05,Colombo Proper,2021-12-15
1080,9.829105344649392e-05,Colombo Proper,2021-12-16
1081,9.760525530799496e-05,Colombo Proper,2021-12-17
1082,9.303462975357216e-05,Colombo Proper,2021-12-18
1083,0.000264661628072,Colombo Proper,2021-12-19
1084,0.0001723132693212,Colombo Proper,2021-12-20
1085,0.0001723132693212,Colombo Proper,2021-12-21
1086,0.0002061143924184,Colombo Proper,2021-12-22
1087,0.0003023733775554,Colombo Proper,2021-12-23
1088,0.0002349150910121,Colombo Proper,2021-12-24
1089,0.0002188203025084,Colombo Proper,2021-12-25
1090,0.0003354193959285,Colombo Proper,2021-12-26
1091,0.0002449520763396,Colombo Proper,2021-12-27
1092,0.0002450576515296,Colombo Proper,2021-12-28
1093,0.0001861325651091,Colombo Proper,2021-12-29
1094,0.0001274425730867,Colombo Proper,2021-12-30
1095,0.0001457829379557,Colombo Proper,2021-12-31
1096,0.0002732007578602,Colombo Proper,2022-01-01
1097,0.0002140030529972,Colombo Proper,2022-01-02
1098,0.0003065800440365,Colombo Proper,2022-01-03
1099,0.0003065800440365,Colombo Proper,2022-01-04
1100,0.0003065800440365,Colombo Proper,2022-01-05
1101,0.0003065800440365,Colombo Proper,2022-01-06
1102,0.0001481951102967,Colombo Proper,2022-01-07
1103,0.0001524755032041,Colombo Proper,2022-01-08
1104,0.0001452068254391,Colombo Proper,2022-01-09
1105,0.0001899772027525,Colombo Proper,2022-01-10
1106,0.0001899772027525,Colombo Proper,2022-01-11
1107,0.0001993524660303,Colombo Proper,2022-01-12
1108,0.0003054543679779,Colombo Proper,2022-01-13
1109,0.0002583368599955,Colombo Proper,2022-01-14
1110,0.0002104716844552,Colombo Proper,2022-01-15
1111,0.0003012163982798,Colombo Proper,2022-01-16
1112,0.0002245215608628,Colombo Proper,2022-01-17
1113,0.000214222456525,Colombo Proper,2022-01-18
1114,0.0002202367958394,Colombo Proper,2022-01-19
1115,0.0001283329709802,Colombo Proper,2022-01-20
1116,0.0002774606877738,Colombo Proper,2022-01-21
1117,0.0002774606877738,Colombo Proper,2022-01-22
1118,0.000193597939248,Colombo Proper,2022-01-23
1119,0.0001713171485826,Colombo Proper,2022-01-24
1120,0.0001834710480937,Colombo Proper,2022-01-25
1121,0.0002131139722477,Colombo Proper,2022-01-26
1122,0.0002709026067374,Colombo Proper,2022-01-27
1123,0.0001962702964588,Colombo Proper,2022-01-28
1124,0.0002728603284361,Colombo Proper,2022-01-29
1125,0.0003165519454832,Colombo Proper,2022-01-30
1126,0.0002954652333051,Colombo Proper,2022-01-31
1127,0.0002924048942024,Colombo Proper,2022-02-01
1128,0.000246901572451,Colombo Proper,2022-02-02
1129,3.582195972256424e-07,Colombo Proper,2022-02-03
1130,0.0002059841821031,Colombo Proper,2022-02-04
1131,0.0003386893965323,Colombo Proper,2022-02-05
1134,0.000149502735288,Colombo Proper,2022-02-08
1135,0.0002932414859561,Colombo Proper,2022-02-09
1136,0.0002492903007505,Colombo Proper,2022-02-10
1137,0.0002492903007505,Colombo Proper,2022-02-11
1138,0.0002492903007505,Colombo Proper,2022-02-12
1139,0.0001832808502081,Colombo Proper,2022-02-13
1140,6.943415445256418e-05,Colombo Proper,2022-02-14
1141,0.0002449527091536,Colombo Proper,2022-02-15
1142,0.0003118394644699,Colombo Proper,2022-02-16
1143,0.0002076891265197,Colombo Proper,2022-02-17
1144,0.0002989926916197,Colombo Proper,2022-02-18
1145,0.0001678363707651,Colombo Proper,2022-02-19
1146,0.0001678363707651,Colombo Proper,2022-02-20
1147,0.0002638510676236,Colombo Proper,2022-02-21
1148,0.0002353659084741,Colombo Proper,2022-02-22
1149,0.0002353659084741,Colombo Proper,2022-02-23
1150,0.0002581368930631,Colombo Proper,2022-02-24
1151,0.0003047658858295,Colombo Proper,2022-02-25
1152,0.0001852717013472,Colombo Proper,2022-02-26
1153,0.0001869507970714,Colombo Proper,2022-02-27
1154,0.000168170568242,Colombo Proper,2022-02-28
1155,0.0003336568439815,Colombo Proper,2022-03-01
1156,0.0001306083742627,Colombo Proper,2022-03-02
1157,0.0001306083742627,Colombo Proper,2022-03-03
1158,0.0001306083742627,Colombo Proper,2022-03-04
1159,0.0002367314640597,Colombo Proper,2022-03-05
1160,0.0001244626540205,Colombo Proper,2022-03-06
1161,0.0002541401460047,Colombo Proper,2022-03-07
1162,0.0002916890989966,Colombo Proper,2022-03-08
1164,0.0003640472679822,Colombo Proper,2022-03-10
1165,0.0003640472679822,Colombo Proper,2022-03-11
1166,0.0002525573366176,Colombo Proper,2022-03-12
1167,0.0002423098280679,Colombo Proper,2022-03-13
1168,0.0002066257028107,Colombo Proper,2022-03-14
1169,0.0001408299017965,Colombo Proper,2022-03-15
1170,0.0001408299017965,Colombo Proper,2022-03-16
1171,0.0001408299017965,Colombo Proper,2022-03-17
1172,0.000186049657006,Colombo Proper,2022-03-18
1173,0.0001319042975538,Colombo Proper,2022-03-19
1174,5.954769162158127e-05,Colombo Proper,2022-03-20
1175,0.0002239801836584,Colombo Proper,2022-03-21
1176,0.000108541975613,Colombo Proper,2022-03-22
1177,9.18776857829536e-05,Colombo Proper,2022-03-23
1178,0.000159676876316,Colombo Proper,2022-03-24
1179,0.0002850683208567,Colombo Proper,2022-03-25
1180,0.000249042049217,Colombo Proper,2022-03-26
1181,0.000249042049217,Colombo Proper,2022-03-27
1182,0.0002113036406397,Colombo Proper,2022-03-28
1183,0.0001980891761411,Colombo Proper,2022-03-29
1184,0.0001312764973352,Colombo Proper,2022-03-30
1185,0.0001555551093327,Colombo Proper,2022-03-31
1186,0.0001761931928653,Colombo Proper,2022-04-01
1187,0.0001405963998943,Colombo Proper,2022-04-02
1188,0.0001703569748149,Colombo Proper,2022-04-03
1189,0.0002297686056303,Colombo Proper,2022-04-04
1190,4.9991247948800566e-05,Colombo Proper,2022-04-05
1191,0.0001629930408066,Colombo Proper,2022-04-06
1192,0.0001857936875374,Colombo Proper,2022-04-07
1193,0.0003044717250423,Colombo Proper,2022-04-08
1194,0.0003044717250423,Colombo Proper,2022-04-09
1195,0.0003044717250423,Colombo Proper,2022-04-10
1196,0.0003044717250423,Colombo Proper,2022-04-11
1197,0.0003044717250423,Colombo Proper,2022-04-12
1198,0.0003044717250423,Colombo Proper,2022-04-13
1199,8.205374538833605e-05,Colombo Proper,2022-04-14
1200,7.748130993148584e-05,Colombo Proper,2022-04-15
1201,0.0001515852218265,Colombo Proper,2022-04-16
1202,7.891535287230517e-05,Colombo Proper,2022-04-17
1203,0.000118469092445,Colombo Proper,2022-04-18
1204,0.0001613819998512,Colombo Proper,2022-04-19
1205,0.0001613819998512,Colombo Proper,2022-04-20
1206,0.0002217156450816,Colombo Proper,2022-04-21
1207,0.0001954804763636,Colombo Proper,2022-04-22
1208,0.0001954804763636,Colombo Proper,2022-04-23
1209,0.0001030413872639,Colombo Proper,2022-04-24
1210,0.0001454763492164,Colombo Proper,2022-04-25
1211,0.0001454763492164,Colombo Proper,2022-04-26
1212,0.0001702247955731,Colombo Proper,2022-04-27
1213,0.0001702247955731,Colombo Proper,2022-04-28
1214,0.0001210862777433,Colombo Proper,2022-04-29
1215,0.0001227727663618,Colombo Proper,2022-04-30
1216,0.0003810527459853,Colombo Proper,2022-05-01
1217,2.5120632799905263e-05,Colombo Proper,2022-05-02
1218,0.000255781741749,Colombo Proper,2022-05-03
1219,0.00013243249007,Colombo Proper,2022-05-04
1220,0.0002784503761985,Colombo Proper,2022-05-05
1221,0.0001245789879718,Colombo Proper,2022-05-06
1222,0.0001245789879718,Colombo Proper,2022-05-07
1223,5.518234660453233e-05,Colombo Proper,2022-05-08
1224,0.0002736832600715,Colombo Proper,2022-05-09
1225,0.000273861030323,Colombo Proper,2022-05-10
1226,0.000178574209603,Colombo Proper,2022-05-11
1227,8.314432120215452e-05,Colombo Proper,2022-05-12
1228,8.314432120215452e-05,Colombo Proper,2022-05-13
1229,8.314432120215452e-05,Colombo Proper,2022-05-14
1230,8.314432120215452e-05,Colombo Proper,2022-05-15
1231,0.0001191861456916,Colombo Proper,2022-05-16
1232,6.186188251343297e-05,Colombo Proper,2022-05-17
1233,0.0001694280737546,Colombo Proper,2022-05-18
1234,0.0001018563365136,Colombo Proper,2022-05-19
1235,0.0001269854610317,Colombo Proper,2022-05-20
1236,0.0001035452744245,Colombo Proper,2022-05-21
1237,0.0001079677357605,Colombo Proper,2022-05-22
1238,7.447266785207117e-05,Colombo Proper,2022-05-23
1239,-1.5307273577746595e-06,Colombo Proper,2022-05-24
1240,0.0001238353213788,Colombo Proper,2022-05-25
1241,0.0001835853997126,Colombo Proper,2022-05-26
1242,0.0001835853997126,Colombo Proper,2022-05-27
1243,0.0001835853997126,Colombo Proper,2022-05-28
1244,0.0001835853997126,Colombo Proper,2022-05-29
1245,0.0001835853997126,Colombo Proper,2022-05-30
1246,0.0001835853997126,Colombo Proper,2022-05-31
1247,0.0001835853997126,Colombo Proper,2022-06-01
1248,0.0001835853997126,Colombo Proper,2022-06-02
1249,0.000150307099675,Colombo Proper,2022-06-03
1250,9.414807926921688e-05,Colombo Proper,2022-06-04
1251,0.0001237584929397,Colombo Proper,2022-06-05
1252,0.0001682041611953,Colombo Proper,2022-06-06
1253,4.124801901082903e-05,Colombo Proper,2022-06-07
1254,4.124801901082903e-05,Colombo Proper,2022-06-08
1255,-8.419194620716341e-06,Colombo Proper,2022-06-09
1256,0.000133666305349,Colombo Proper,2022-06-10
1257,2.5759056943250888e-05,Colombo Proper,2022-06-11
1258,2.5759056943250888e-05,Colombo Proper,2022-06-12
1259,2.5759056943250888e-05,Colombo Proper,2022-06-13
1260,0.0001211772552382,Colombo Proper,2022-06-14
1261,0.0002449956825611,Colombo Proper,2022-06-15
1262,0.0001283276927447,Colombo Proper,2022-06-16
1263,0.0001283276927447,Colombo Proper,2022-06-17
1264,0.0001097707382185,Colombo Proper,2022-06-18
1265,0.0001444560782518,Colombo Proper,2022-06-19
1266,5.598069042102164e-05,Colombo Proper,2022-06-20
1267,0.0001282065965869,Colombo Proper,2022-06-21
1268,0.0001078351490173,Colombo Proper,2022-06-22
1269,0.0001041684500254,Colombo Proper,2022-06-23
1270,3.9249972641674216e-05,Colombo Proper,2022-06-24
1271,3.9249972641674216e-05,Colombo Proper,2022-06-25
1272,0.0001253731642065,Colombo Proper,2022-06-26
1273,7.708686326257748e-05,Colombo Proper,2022-06-27
1274,7.225822512719809e-05,Colombo Proper,2022-06-28
1275,0.0001633230413219,Colombo Proper,2022-06-29
1276,7.553708098895043e-05,Colombo Proper,2022-06-30
1277,7.553708098895043e-05,Colombo Proper,2022-07-01
1278,9.99027496473259e-05,Colombo Proper,2022-07-02
1279,5.613288001006535e-05,Colombo Proper,2022-07-03
1280,5.613288001006535e-05,Colombo Proper,2022-07-04
1281,0.0001305926767678,Colombo Proper,2022-07-05
1282,7.671319464622945e-05,Colombo Proper,2022-07-06
1283,7.671319464622945e-05,Colombo Proper,2022-07-07
1284,7.671319464622945e-05,Colombo Proper,2022-07-08
1285,8.206146864728497e-05,Colombo Proper,2022-07-09
1286,6.704650979059643e-06,Colombo Proper,2022-07-10
1287,6.704650979059643e-06,Colombo Proper,2022-07-11
1288,6.704650979059643e-06,Colombo Proper,2022-07-12
1289,5.6466770206948375e-05,Colombo Proper,2022-07-13
1290,0.0001044581712675,Colombo Proper,2022-07-14
1291,0.0001383958651517,Colombo Proper,2022-07-15
1292,0.0001383958651517,Colombo Proper,2022-07-16
1293,0.0001383958651517,Colombo Proper,2022-07-17
1294,0.0001383958651517,Colombo Proper,2022-07-18
1295,0.0001383958651517,Colombo Proper,2022-07-19
1296,0.0001383958651517,Colombo Proper,2022-07-20
1297,8.822001896596733e-05,Colombo Proper,2022-07-21
1298,8.822001896596733e-05,Colombo Proper,2022-07-22
1299,8.822001896596733e-05,Colombo Proper,2022-07-23
1300,4.305931188681326e-05,Colombo Proper,2022-07-24
1301,4.305931188681326e-05,Colombo Proper,2022-07-25
1302,0.0002091900720085,Colombo Proper,2022-07-26
1303,0.0002729428244856,Colombo Proper,2022-07-27
1304,0.0002729428244856,Colombo Proper,2022-07-28
1305,0.0001202865665086,Colombo Proper,2022-07-29
1306,0.0001202865665086,Colombo Proper,2022-07-30
1307,3.971577425658494e-05,Colombo Proper,2022-07-31
1308,0.0001871836276022,Colombo Proper,2022-08-01
1309,0.0001871836276022,Colombo Proper,2022-08-02
1310,0.0001871836276022,Colombo Proper,2022-08-03
1311,0.0001871836276022,Colombo Proper,2022-08-04
1312,0.0001871836276022,Colombo Proper,2022-08-05
1314,0.0001186620414866,Colombo Proper,2022-08-07
1315,0.0001173246342255,Colombo Proper,2022-08-08
1316,3.577834263232899e-05,Colombo Proper,2022-08-09
1317,0.0001175267727031,Colombo Proper,2022-08-10
1318,5.021919417175698e-05,Colombo Proper,2022-08-11
1319,9.896694818219026e-05,Colombo Proper,2022-08-12
1320,0.000119389931679,Colombo Proper,2022-08-13
1321,0.000144861074528,Colombo Proper,2022-08-14
1322,0.0001983977320966,Colombo Proper,2022-08-15
1323,0.0002271587709642,Colombo Proper,2022-08-16
1324,0.0001544886566656,Colombo Proper,2022-08-17
1325,0.0001544886566656,Colombo Proper,2022-08-18
1326,0.0001293053248016,Colombo Proper,2022-08-19
1327,8.627663142205373e-05,Colombo Proper,2022-08-20
1328,1.5000461895482705e-05,Colombo Proper,2022-08-21
1329,5.010618618651504e-05,Colombo Proper,2022-08-22
1330,0.0001283124504349,Colombo Proper,2022-08-23
1331,4.451051588118692e-05,Colombo Proper,2022-08-24
1332,0.0001011638014948,Colombo Proper,2022-08-25
1333,4.618392822722968e-05,Colombo Proper,2022-08-26
1334,4.618392822722968e-05,Colombo Proper,2022-08-27
1335,4.618392822722968e-05,Colombo Proper,2022-08-28
1336,6.686288312300899e-05,Colombo Proper,2022-08-29
1337,0.0002854885921046,Colombo Proper,2022-08-30
1338,1.565693229198301e-05,Colombo Proper,2022-08-31
1339,1.565693229198301e-05,Colombo Proper,2022-09-01
1340,0.0001641597048961,Colombo Proper,2022-09-02
1341,0.0001641597048961,Colombo Proper,2022-09-03
1342,8.963632004252892e-05,Colombo Proper,2022-09-04
1343,-6.792699338687377e-07,Colombo Proper,2022-09-05
1344,-6.792699338687377e-07,Colombo Proper,2022-09-06
1347,0.0002011365078404,Colombo Proper,2022-09-09
1348,9.526850211364746e-05,Colombo Proper,2022-09-10
1349,2.9657231478593723e-05,Colombo Proper,2022-09-11
1350,0.000117942357241,Colombo Proper,2022-09-12
1351,-2.814454906639953e-05,Colombo Proper,2022-09-13
1352,0.0001194556631222,Colombo Proper,2022-09-14
1353,0.000118353033685,Colombo Proper,2022-09-15
1354,6.67730233906734e-05,Colombo Proper,2022-09-16
1355,0.0001177904513994,Colombo Proper,2022-09-17
1356,6.779620784954384e-05,Colombo Proper,2022-09-18
1357,6.779620784954384e-05,Colombo Proper,2022-09-19
1358,6.779620784954384e-05,Colombo Proper,2022-09-20
1359,9.969666763326336e-05,Colombo Proper,2022-09-21
1360,-8.3641799090739e-06,Colombo Proper,2022-09-22
1361,4.330000450661065e-05,Colombo Proper,2022-09-23
1362,0.0001142477185194,Colombo Proper,2022-09-24
1363,0.0001264227674242,Colombo Proper,2022-09-25
1364,0.0001198471071494,Colombo Proper,2022-09-26
1365,8.919575350173417e-05,Colombo Proper,2022-09-27
1366,9.7659064560315e-05,Colombo Proper,2022-09-28
1367,-3.93390734326406e-05,Colombo Proper,2022-09-29
1368,4.887545280632972e-05,Colombo Proper,2022-09-30
1369,4.887545280632972e-05,Colombo Proper,2022-10-01
1370,0.0001337392812515,Colombo Proper,2022-10-02
1371,0.0002220959406469,Colombo Proper,2022-10-03
1372,0.0002220959406469,Colombo Proper,2022-10-04
1373,0.0001123306889854,Colombo Proper,2022-10-05
1374,0.0001200957438759,Colombo Proper,2022-10-06
1375,0.0001594884198312,Colombo Proper,2022-10-07
1376,0.0001594884198312,Colombo Proper,2022-10-08
1377,3.742045062930536e-05,Colombo Proper,2022-10-09
1378,0.0001419139244152,Colombo Proper,2022-10-10
1379,6.093067180363016e-05,Colombo Proper,2022-10-11
1380,-3.318492890599806e-05,Colombo Proper,2022-10-12
1381,-3.318492890599806e-05,Colombo Proper,2022-10-13
1382,-3.318492890599806e-05,Colombo Proper,2022-10-14
1383,-3.318492890599806e-05,Colombo Proper,2022-10-15
1384,-3.318492890599806e-05,Colombo Proper,2022-10-16
1385,0.0001370929537762,Colombo Proper,2022-10-17
1386,0.0001370929537762,Colombo Proper,2022-10-18
1387,0.0001370929537762,Colombo Proper,2022-10-19
1388,7.301117473730344e-05,Colombo Proper,2022-10-20
1389,8.680718300411579e-05,Colombo Proper,2022-10-21
1390,8.680718300411579e-05,Colombo Proper,2022-10-22
1391,8.680718300411579e-05,Colombo Proper,2022-10-23
1392,8.680718300411579e-05,Colombo Proper,2022-10-24
1393,8.680718300411579e-05,Colombo Proper,2022-10-25
1394,0.0001734407756739,Colombo Proper,2022-10-26
1395,0.0001996004798047,Colombo Proper,2022-10-27
1396,0.0001792547375478,Colombo Proper,2022-10-28
1397,0.0002761884564086,Colombo Proper,2022-10-29
1398,0.0001309716753479,Colombo Proper,2022-10-30
1399,0.0001119143780524,Colombo Proper,2022-10-31
1400,3.077457940725442e-05,Colombo Proper,2022-11-01
1401,3.077457940725442e-05,Colombo Proper,2022-11-02
1403,8.559237242551563e-05,Colombo Proper,2022-11-04
1404,0.0002227222410172,Colombo Proper,2022-11-05
1405,0.0002227222410172,Colombo Proper,2022-11-06
1406,0.0001723126037669,Colombo Proper,2022-11-07
1407,0.0001723126037669,Colombo Proper,2022-11-08
1408,0.000141347038108,Colombo Proper,2022-11-09
1409,0.0001036606468695,Colombo Proper,2022-11-10
1410,0.0001036606468695,Colombo Proper,2022-11-11
1411,0.0001036606468695,Colombo Proper,2022-11-12
1412,0.0001036606468695,Colombo Proper,2022-11-13
1413,0.0001491014192855,Colombo Proper,2022-11-14
1414,0.0002833004723424,Colombo Proper,2022-11-15
1415,0.0002833004723424,Colombo Proper,2022-11-16
1416,0.0001442376487557,Colombo Proper,2022-11-17
1417,0.0001904435901629,Colombo Proper,2022-11-18
1418,0.0001511303440183,Colombo Proper,2022-11-19
1419,0.0001511303440183,Colombo Proper,2022-11-20
1420,0.0001511303440183,Colombo Proper,2022-11-21
1421,0.0001511303440183,Colombo Proper,2022-11-22
1422,7.857260077207959e-05,Colombo Proper,2022-11-23
1423,0.0001040901177472,Colombo Proper,2022-11-24
1424,9.986190039853192e-05,Colombo Proper,2022-11-25
1425,0.0002081014431352,Colombo Proper,2022-11-26
1426,0.0001935237504272,Colombo Proper,2022-11-27
1427,8.13541344469962e-05,Colombo Proper,2022-11-28
1428,0.0002419659606366,Colombo Proper,2022-11-29
1429,0.0001900755759192,Colombo Proper,2022-11-30
1430,0.0002267515752639,Colombo Proper,2022-12-01
1431,0.0001873431536758,Colombo Proper,2022-12-02
1432,0.0001465157492286,Colombo Proper,2022-12-03
1433,9.463952468845655e-05,Colombo Proper,2022-12-04
1434,0.0001820833268962,Colombo Proper,2022-12-05
1435,0.0001284734461699,Colombo Proper,2022-12-06
1436,0.0001568694436659,Colombo Proper,2022-12-07
1437,0.0001568694436659,Colombo Proper,2022-12-08
1438,0.0001568694436659,Colombo Proper,2022-12-09
1439,0.0001568694436659,Colombo Proper,2022-12-10
1440,0.0001568694436659,Colombo Proper,2022-12-11
1441,0.0001568694436659,Colombo Proper,2022-12-12
1442,0.0001568694436659,Colombo Proper,2022-12-13
1443,0.0002459941971244,Colombo Proper,2022-12-14
1444,6.553380434996898e-05,Colombo Proper,2022-12-15
1445,0.0001918605117242,Colombo Proper,2022-12-16
1446,0.0002522981385178,Colombo Proper,2022-12-17
1447,0.0001248609316056,Colombo Proper,2022-12-18
1448,0.0001248609316056,Colombo Proper,2022-12-19
1449,0.0001248609316056,Colombo Proper,2022-12-20
1450,0.000193590239578,Colombo Proper,2022-12-21
1451,0.000193590239578,Colombo Proper,2022-12-22
1452,1.7986231245991374e-05,Colombo Proper,2022-12-23
1453,1.7986231245991374e-05,Colombo Proper,2022-12-24
1454,0.0001106029186976,Colombo Proper,2022-12-25
1455,0.0001106029186976,Colombo Proper,2022-12-26
1456,0.0001678065632554,Colombo Proper,2022-12-27
1457,0.0001702071877245,Colombo Proper,2022-12-28
1458,0.0002977802012511,Colombo Proper,2022-12-29
1459,0.0002259556211245,Colombo Proper,2022-12-30
1461,0.0002195330110993,Colombo Proper,2023-01-01
1462,0.000210072803383,Colombo Proper,2023-01-02
1463,0.0001599005386365,Colombo Proper,2023-01-03
1464,0.0002422953012213,Colombo Proper,2023-01-04
1465,0.0002767170438908,Colombo Proper,2023-01-05
1466,6.85503448811268e-05,Colombo Proper,2023-01-06
1467,0.0001428822234902,Colombo Proper,2023-01-07
1468,0.0001428822234902,Colombo Proper,2023-01-08
1469,0.0001428822234902,Colombo Proper,2023-01-09
1470,0.0001209881834626,Colombo Proper,2023-01-10
1471,0.000221139000211,Colombo Proper,2023-01-11
1472,0.0002306530245038,Colombo Proper,2023-01-12
1473,0.0003188729098136,Colombo Proper,2023-01-13
1474,0.0002098181424171,Colombo Proper,2023-01-14
1475,0.0002398517538864,Colombo Proper,2023-01-15
1476,0.0002723411292624,Colombo Proper,2023-01-16
1477,0.0002571520123029,Colombo Proper,2023-01-17
1478,0.0002571520123029,Colombo Proper,2023-01-18
1479,0.0002667527721204,Colombo Proper,2023-01-19
1480,0.0001944332541662,Colombo Proper,2023-01-20
1481,0.0001595275860796,Colombo Proper,2023-01-21
1482,0.0001595275860796,Colombo Proper,2023-01-22
1483,0.0001595275860796,Colombo Proper,2023-01-23
1484,0.0001595275860796,Colombo Proper,2023-01-24
1485,0.0001595275860796,Colombo Proper,2023-01-25
1486,0.0002570194149372,Colombo Proper,2023-01-26
1487,0.0002392130698381,Colombo Proper,2023-01-27
1488,0.0001014222417886,Colombo Proper,2023-01-28
1489,0.0001469398412098,Colombo Proper,2023-01-29
1490,0.0003387802806245,Colombo Proper,2023-01-30
1491,0.0003387802806245,Colombo Proper,2023-01-31
1492,0.0003387802806245,Colombo Proper,2023-02-01
1493,0.0003387802806245,Colombo Proper,2023-02-02
1494,0.0003387802806245,Colombo Proper,2023-02-03
1495,0.0003387802806245,Colombo Proper,2023-02-04
1496,7.442722707856339e-05,Colombo Proper,2023-02-05
1497,-3.545101436306722e-05,Colombo Proper,2023-02-06
1498,-3.545101436306722e-05,Colombo Proper,2023-02-07
1499,0.0002955471068557,Colombo Proper,2023-02-08
1500,0.0001862642830333,Colombo Proper,2023-02-09
1501,0.0001862642830333,Colombo Proper,2023-02-10
1502,0.0002390622162093,Colombo Proper,2023-02-11
1503,0.0002887936296956,Colombo Proper,2023-02-12
1505,0.0001798614529444,Colombo Proper,2023-02-14
1506,0.0001607955227888,Colombo Proper,2023-02-15
1507,0.0002717534187798,Colombo Proper,2023-02-16
1508,0.0001518825352081,Colombo Proper,2023-02-17
1509,0.0002048813224622,Colombo Proper,2023-02-18
1510,0.0001862742105269,Colombo Proper,2023-02-19
1511,0.0001196318432687,Colombo Proper,2023-02-20
1512,0.0001196318432687,Colombo Proper,2023-02-21
1513,0.0002108888125532,Colombo Proper,2023-02-22
1514,0.0002209372563877,Colombo Proper,2023-02-23
1515,0.000312057257954,Colombo Proper,2023-02-24
1516,0.0001738597190008,Colombo Proper,2023-02-25
1517,0.0001738597190008,Colombo Proper,2023-02-26
1518,0.0001132363496411,Colombo Proper,2023-02-27
1519,0.0002413338673314,Colombo Proper,2023-02-28
1520,0.0002413338673314,Colombo Proper,2023-03-01
1521,0.0002561019714159,Colombo Proper,2023-03-02
1522,0.0002561019714159,Colombo Proper,2023-03-03
1523,0.0002040672229453,Colombo Proper,2023-03-04
1524,0.0002040672229453,Colombo Proper,2023-03-05
1525,0.0002425318673148,Colombo Proper,2023-03-06
1526,0.0002795582531988,Colombo Proper,2023-03-07
1527,0.000114448650753,Colombo Proper,2023-03-08
1528,0.0002846265918292,Colombo Proper,2023-03-09
1531,0.0001623864131762,Colombo Proper,2023-03-12
1532,6.238638619821683e-05,Colombo Proper,2023-03-13
1533,0.0002557811364314,Colombo Proper,2023-03-14
1534,0.0003653998779163,Colombo Proper,2023-03-15
1535,0.0002387790559438,Colombo Proper,2023-03-16
1536,0.0002346914576476,Colombo Proper,2023-03-17
1537,0.0001657164287779,Colombo Proper,2023-03-18
1538,0.0001300704157381,Colombo Proper,2023-03-19
1539,0.000134243627129,Colombo Proper,2023-03-20
1540,0.0001353106950746,Colombo Proper,2023-03-21
1541,9.233913584225328e-05,Colombo Proper,2023-03-22
1542,0.0002426826190734,Colombo Proper,2023-03-23
1544,0.0002571196706745,Colombo Proper,2023-03-25
1545,0.0003344852302632,Colombo Proper,2023-03-26
1546,0.0001275665120962,Colombo Proper,2023-03-27
1547,0.0002766848366568,Colombo Proper,2023-03-28
1548,3.4584791436822145e-05,Colombo Proper,2023-03-29
1549,8.931601917643939e-05,Colombo Proper,2023-03-30
1550,0.0001830858032529,Colombo Proper,2023-03-31
1551,0.0002053332775388,Colombo Proper,2023-04-01
1552,0.0001316035003588,Colombo Proper,2023-04-02
1553,7.432237620743323e-05,Colombo Proper,2023-04-03
1554,0.0002560234603121,Colombo Proper,2023-04-04
1555,0.0001732416971208,Colombo Proper,2023-04-05
1556,0.0003923904408689,Colombo Proper,2023-04-06
1557,0.0002258557389368,Colombo Proper,2023-04-07
1558,0.0003848615360151,Colombo Proper,2023-04-08
1559,0.0002247290122479,Colombo Proper,2023-04-09
1560,0.0002064825167298,Colombo Proper,2023-04-10
1561,0.0001912068359012,Colombo Proper,2023-04-11
1562,0.0002973597449659,Colombo Proper,2023-04-12
1563,0.0002566936325812,Colombo Proper,2023-04-13
1564,9.270199549247631e-05,Colombo Proper,2023-04-14
1565,9.270199549247631e-05,Colombo Proper,2023-04-15
1566,0.0001513378521025,Colombo Proper,2023-04-16
1567,0.0001750330668689,Colombo Proper,2023-04-17
1568,0.000285852725495,Colombo Proper,2023-04-18
1569,9.52240811872514e-05,Colombo Proper,2023-04-19
1570,0.0001103179267486,Colombo Proper,2023-04-20
1571,0.0001546529644521,Colombo Proper,2023-04-21
1572,0.0001552603557529,Colombo Proper,2023-04-22
1573,0.0001552603557529,Colombo Proper,2023-04-23
1574,0.0002384508255432,Colombo Proper,2023-04-24
1575,0.0002849953847845,Colombo Proper,2023-04-25
1576,0.0002406764725189,Colombo Proper,2023-04-26
1577,0.0002128540327642,Colombo Proper,2023-04-27
1578,0.0002307285141544,Colombo Proper,2023-04-28
1579,0.0001532629103827,Colombo Proper,2023-04-29
1580,0.0001532629103827,Colombo Proper,2023-04-30
1581,0.0001532629103827,Colombo Proper,2023-05-01
1582,0.0001532629103827,Colombo Proper,2023-05-02
1583,0.0001532629103827,Colombo Proper,2023-05-03
1584,0.0001532629103827,Colombo Proper,2023-05-04
1585,4.392614880708109e-05,Colombo Proper,2023-05-05
1586,4.392614880708109e-05,Colombo Proper,2023-05-06
1587,4.392614880708109e-05,Colombo Proper,2023-05-07
1588,0.0001378283706821,Colombo Proper,2023-05-08
1589,0.0001378283706821,Colombo Proper,2023-05-09
1590,0.0001378283706821,Colombo Proper,2023-05-10
1591,0.0001378283706821,Colombo Proper,2023-05-11
1592,0.0001378283706821,Colombo Proper,2023-05-12
1593,0.0001332082265293,Colombo Proper,2023-05-13
1594,7.7058257194474e-05,Colombo Proper,2023-05-14
1595,7.7058257194474e-05,Colombo Proper,2023-05-15
1596,0.0002281736137522,Colombo Proper,2023-05-16
1597,0.0002281736137522,Colombo Proper,2023-05-17
1598,0.0002132041612718,Colombo Proper,2023-05-18
1599,0.0001739551339092,Colombo Proper,2023-05-19
1600,0.0001570695040911,Colombo Proper,2023-05-20
1601,0.0002789088976227,Colombo Proper,2023-05-21
1602,8.94065894187494e-05,Colombo Proper,2023-05-22
1603,9.73047167953993e-05,Colombo Proper,2023-05-23
1604,0.0001061255724057,Colombo Proper,2023-05-24
1605,0.0001255860765322,Colombo Proper,2023-05-25
1606,1.3122864808040422e-05,Colombo Proper,2023-05-26
1607,0.0001341033085957,Colombo Proper,2023-05-27
1608,0.0001340999211336,Colombo Proper,2023-05-28
1609,0.000190587670479,Colombo Proper,2023-05-29
1610,6.477826087013601e-05,Colombo Proper,2023-05-30
1611,0.0001727320240893,Colombo Proper,2023-05-31
1612,4.6916606837504464e-05,Colombo Proper,2023-06-01
1613,4.6916606837504464e-05,Colombo Proper,2023-06-02
1614,0.0001585328424665,Colombo Proper,2023-06-03
1615,0.0001542145636466,Colombo Proper,2023-06-04
1616,0.0001679734273305,Colombo Proper,2023-06-05
1617,-6.942268566557468e-06,Colombo Proper,2023-06-06
1618,0.0001448242122365,Colombo Proper,2023-06-07
1619,0.0001448242122365,Colombo Proper,2023-06-08
1620,0.0001448242122365,Colombo Proper,2023-06-09
1621,0.0001297145374999,Colombo Proper,2023-06-10
1622,0.0001354683999001,Colombo Proper,2023-06-11
1623,0.0001354683999001,Colombo Proper,2023-06-12
1624,0.0001354683999001,Colombo Proper,2023-06-13
1625,0.0001776215523144,Colombo Proper,2023-06-14
1626,5.575482947222086e-05,Colombo Proper,2023-06-15
1627,0.0001379560092358,Colombo Proper,2023-06-16
1628,0.000359860348907,Colombo Proper,2023-06-17
1629,0.000359860348907,Colombo Proper,2023-06-18
1630,0.000359860348907,Colombo Proper,2023-06-19
1631,1.2531411715388398e-05,Colombo Proper,2023-06-20
1632,0.0002434134838518,Colombo Proper,2023-06-21
1633,8.405771039701697e-05,Colombo Proper,2023-06-22
1634,0.0001442402433445,Colombo Proper,2023-06-23
1635,0.0002077698634261,Colombo Proper,2023-06-24
1636,0.0001237573366876,Colombo Proper,2023-06-25
1637,0.0001477885171896,Colombo Proper,2023-06-26
1638,1.4333644061966586e-05,Colombo Proper,2023-06-27
1639,1.4333644061966586e-05,Colombo Proper,2023-06-28
1640,1.325340185282247e-05,Colombo Proper,2023-06-29
1641,1.325340185282247e-05,Colombo Proper,2023-06-30
1642,0.0001965797001764,Colombo Proper,2023-07-01
1643,0.0001185083168534,Colombo Proper,2023-07-02
1644,0.0001185083168534,Colombo Proper,2023-07-03
1645,0.0001185083168534,Colombo Proper,2023-07-04
1646,0.0001185083168534,Colombo Proper,2023-07-05
1647,0.000138692319366,Colombo Proper,2023-07-06
1648,9.573535359065672e-05,Colombo Proper,2023-07-07
1649,5.504892634695112e-05,Colombo Proper,2023-07-08
1650,4.642524248178506e-05,Colombo Proper,2023-07-09
1651,0.0001598963853791,Colombo Proper,2023-07-10
1652,0.0001598963853791,Colombo Proper,2023-07-11
1653,0.0001598963853791,Colombo Proper,2023-07-12
1654,0.0001527497157574,Colombo Proper,2023-07-13
1655,0.0001004107036625,Colombo Proper,2023-07-14
1656,0.0001655643222436,Colombo Proper,2023-07-15
1657,0.0001146144673335,Colombo Proper,2023-07-16
1658,4.822160734924319e-05,Colombo Proper,2023-07-17
1659,9.505402648022164e-05,Colombo Proper,2023-07-18
1660,-2.7580006376565908e-05,Colombo Proper,2023-07-19
1661,-2.7580006376565908e-05,Colombo Proper,2023-07-20
1662,1.6985332973000637e-05,Colombo Proper,2023-07-21
1663,8.844224326264944e-05,Colombo Proper,2023-07-22
1664,6.397429043782942e-05,Colombo Proper,2023-07-23
1665,7.420482356318856e-05,Colombo Proper,2023-07-24
1666,0.0001475008415852,Colombo Proper,2023-07-25
1667,0.0001475008415852,Colombo Proper,2023-07-26
1668,0.0001475008415852,Colombo Proper,2023-07-27
1669,8.305317230133278e-05,Colombo Proper,2023-07-28
1670,5.678087329895237e-05,Colombo Proper,2023-07-29
1671,7.080208909908318e-05,Colombo Proper,2023-07-30
1672,7.987789167005929e-05,Colombo Proper,2023-07-31
1673,-2.961400555252201e-05,Colombo Proper,2023-08-01
1674,6.640316807957227e-05,Colombo Proper,2023-08-02
1675,2.306127329518396e-05,Colombo Proper,2023-08-03
1676,0.0001373289408158,Colombo Proper,2023-08-04
1677,0.0001373289408158,Colombo Proper,2023-08-05
1678,0.000276516317911,Colombo Proper,2023-08-06
1679,0.0001720021241325,Colombo Proper,2023-08-07
1680,6.775043618722536e-05,Colombo Proper,2023-08-08
1681,9.807306998533209e-05,Colombo Proper,2023-08-09
1682,-5.832992539545988e-05,Colombo Proper,2023-08-10
1683,0.0001510921860195,Colombo Proper,2023-08-11
1684,9.13440138218456e-05,Colombo Proper,2023-08-12
1685,-3.2173214930791106e-05,Colombo Proper,2023-08-13
1686,8.33121564612838e-05,Colombo Proper,2023-08-14
1687,-4.0600970456936095e-05,Colombo Proper,2023-08-15
1688,0.000131340462975,Colombo Proper,2023-08-16
1689,8.310050639473326e-06,Colombo Proper,2023-08-17
1690,9.198231105990012e-05,Colombo Proper,2023-08-18
1691,0.0002014292124136,Colombo Proper,2023-08-19
1692,4.839257349692342e-05,Colombo Proper,2023-08-20
1693,4.839257349692342e-05,Colombo Proper,2023-08-21
1694,9.956961561465628e-05,Colombo Proper,2023-08-22
1695,1.4427503888096508e-05,Colombo Proper,2023-08-23
1696,0.0001667516915499,Colombo Proper,2023-08-24
1697,6.351030303782124e-05,Colombo Proper,2023-08-25
1698,9.040862851984018e-05,Colombo Proper,2023-08-26
1699,8.105410155856142e-05,Colombo Proper,2023-08-27
1700,5.297507572298604e-05,Colombo Proper,2023-08-28
1701,0.0002001633859684,Colombo Proper,2023-08-29
1702,0.0002001633859684,Colombo Proper,2023-08-30
1703,0.0002001633859684,Colombo Proper,2023-08-31
1704,0.0002001633859684,Colombo Proper,2023-09-01
1705,0.0002001633859684,Colombo Proper,2023-09-02
1706,0.0002001633859684,Colombo Proper,2023-09-03
1707,0.0002001633859684,Colombo Proper,2023-09-04
1708,8.835512148641754e-05,Colombo Proper,2023-09-05
1709,8.835512148641754e-05,Colombo Proper,2023-09-06
1710,8.835512148641754e-05,Colombo Proper,2023-09-07
1711,8.835512148641754e-05,Colombo Proper,2023-09-08
1712,0.0002638733384166,Colombo Proper,2023-09-09
1713,3.74027103612667e-05,Colombo Proper,2023-09-10
1714,9.754063759307574e-05,Colombo Proper,2023-09-11
1715,9.754063759307574e-05,Colombo Proper,2023-09-12
1716,2.0597721347843087e-05,Colombo Proper,2023-09-13
1717,5.941030218862452e-05,Colombo Proper,2023-09-14
1718,5.941030218862452e-05,Colombo Proper,2023-09-15
1719,3.257089444897449e-05,Colombo Proper,2023-09-16
1720,3.257089444897449e-05,Colombo Proper,2023-09-17
1721,0.0001918486187785,Colombo Proper,2023-09-18
1722,0.0001918486187785,Colombo Proper,2023-09-19
1723,0.0001918486187785,Colombo Proper,2023-09-20
1724,0.000235416002922,Colombo Proper,2023-09-21
1725,0.000235416002922,Colombo Proper,2023-09-22
1726,0.0002385082399142,Colombo Proper,2023-09-23
1727,0.0002385082399142,Colombo Proper,2023-09-24
1728,8.027862794003629e-05,Colombo Proper,2023-09-25
1729,0.0001220002403068,Colombo Proper,2023-09-26
1730,0.0001220002403068,Colombo Proper,2023-09-27
1731,0.0001220002403068,Colombo Proper,2023-09-28
1732,0.0001220002403068,Colombo Proper,2023-09-29
1733,8.981570357760975e-05,Colombo Proper,2023-09-30
1734,8.981570357760975e-05,Colombo Proper,2023-10-01
1735,8.981570357760975e-05,Colombo Proper,2023-10-02
1736,8.981570357760975e-05,Colombo Proper,2023-10-03
1737,8.981570357760975e-05,Colombo Proper,2023-10-04
1738,8.981570357760975e-05,Colombo Proper,2023-10-05
1739,7.651310194893549e-05,Colombo Proper,2023-10-06
1740,7.651310194893549e-05,Colombo Proper,2023-10-07
1741,7.651310194893549e-05,Colombo Proper,2023-10-08
1742,7.160477165975591e-05,Colombo Proper,2023-10-09
1743,0.0001607515008539,Colombo Proper,2023-10-10
1744,0.0001105467277815,Colombo Proper,2023-10-11
1745,0.0001105467277815,Colombo Proper,2023-10-12
1746,0.0001105467277815,Colombo Proper,2023-10-13
1747,0.0001275113790019,Colombo Proper,2023-10-14
1748,0.0001106959688466,Colombo Proper,2023-10-15
1749,3.732804671389905e-05,Colombo Proper,2023-10-16
1750,0.0001498246066056,Colombo Proper,2023-10-17
1751,6.573905740465747e-05,Colombo Proper,2023-10-18
1752,6.573905740465747e-05,Colombo Proper,2023-10-19
1753,6.573905740465747e-05,Colombo Proper,2023-10-20
1754,0.0002554692645499,Colombo Proper,2023-10-21
1755,0.0002554692645499,Colombo Proper,2023-10-22
1756,0.0001220092106281,Colombo Proper,2023-10-23
1757,0.0001220092106281,Colombo Proper,2023-10-24
1758,0.0001803767678709,Colombo Proper,2023-10-25
1759,0.0002209296679432,Colombo Proper,2023-10-26
1760,0.0002428863570352,Colombo Proper,2023-10-27
1761,0.0003210157011088,Colombo Proper,2023-10-28
1762,0.0001668342137546,Colombo Proper,2023-10-29
1763,0.0001634691046782,Colombo Proper,2023-10-30
1764,0.0001065806518715,Colombo Proper,2023-10-31
1765,0.0001575347700939,Colombo Proper,2023-11-01
1766,0.0002829217577472,Colombo Proper,2023-11-02
1767,0.0002667821111624,Colombo Proper,2023-11-03
1768,0.0002070060169401,Colombo Proper,2023-11-04
1769,0.0001578032103941,Colombo Proper,2023-11-05
1770,0.0002141486364935,Colombo Proper,2023-11-06
1771,0.0002324060021617,Colombo Proper,2023-11-07
1772,0.0001663395013564,Colombo Proper,2023-11-08
1773,0.0001663395013564,Colombo Proper,2023-11-09
1774,0.000211174960244,Colombo Proper,2023-11-10
1775,0.0001872368597521,Colombo Proper,2023-11-11
1776,0.0001335664092964,Colombo Proper,2023-11-12
1778,0.0001314812641878,Colombo Proper,2023-11-14
1779,7.207867952360086e-05,Colombo Proper,2023-11-15
1780,0.0001514210626486,Colombo Proper,2023-11-16
1781,2.791562832674434e-05,Colombo Proper,2023-11-17
1782,0.000149813422303,Colombo Proper,2023-11-18
1783,0.0001896994158243,Colombo Proper,2023-11-19
1784,0.0001209532049395,Colombo Proper,2023-11-20
1785,6.5280678192111e-05,Colombo Proper,2023-11-21
1786,0.0001528945457337,Colombo Proper,2023-11-22
1787,0.0001528945457337,Colombo Proper,2023-11-23
1788,0.0002526776961158,Colombo Proper,2023-11-24
1789,0.0002526776961158,Colombo Proper,2023-11-25
1790,0.0001927849228199,Colombo Proper,2023-11-26
1791,0.0002164374443265,Colombo Proper,2023-11-27
1792,0.0002141556713426,Colombo Proper,2023-11-28
1793,0.0002141556713426,Colombo Proper,2023-11-29
1794,7.061043875407501e-05,Colombo Proper,2023-11-30
1795,0.0001407134038862,Colombo Proper,2023-12-01
1796,0.0001407134038862,Colombo Proper,2023-12-02
1797,0.0001407134038862,Colombo Proper,2023-12-03
1798,0.0001153898397299,Colombo Proper,2023-12-04
1799,0.0001153898397299,Colombo Proper,2023-12-05
1800,0.0001153898397299,Colombo Proper,2023-12-06
1801,0.0001153898397299,Colombo Proper,2023-12-07
1802,0.0002443900741963,Colombo Proper,2023-12-08
1803,0.0003804756017989,Colombo Proper,2023-12-09
1804,0.000234305056944,Colombo Proper,2023-12-10
1805,0.000234305056944,Colombo Proper,2023-12-11
1806,3.7601686208105686e-05,Colombo Proper,2023-12-12
1807,0.0001294817257308,Colombo Proper,2023-12-13
1808,0.0001311221710184,Colombo Proper,2023-12-14
1809,0.0001311221710184,Colombo Proper,2023-12-15
1810,0.0001311221710184,Colombo Proper,2023-12-16
1811,-8.258288984594488e-06,Colombo Proper,2023-12-17
1812,0.0001626701630934,Colombo Proper,2023-12-18
1813,0.0002285477098267,Colombo Proper,2023-12-19
1814,0.0001968671211174,Colombo Proper,2023-12-20
1815,0.0001968671211174,Colombo Proper,2023-12-21
1816,0.0002490088089978,Colombo Proper,2023-12-22
1817,0.0002660439145573,Colombo Proper,2023-12-23
1818,0.0001817615041144,Colombo Proper,2023-12-24
1819,0.000343357205623,Colombo Proper,2023-12-25
1820,0.0001181771796371,Colombo Proper,2023-12-26
1821,0.0001181771796371,Colombo Proper,2023-12-27
1822,0.0001398253253237,Colombo Proper,2023-12-28
1823,0.0001398253253237,Colombo Proper,2023-12-29
1824,0.0001398253253237,Colombo Proper,2023-12-30
1825,8.036317559567e-05,Colombo Proper,2023-12-31
